Workbook

Sheet Test Cases
A1: TC_ID | B1: Module | C1: Req_ID | D1: Title | E1: Test_Type | F1: Scenario | G1: Technique | H1: Priority | I1: Preconditions | J1: Test_Data | K1: Steps | L1: Expected_Result | N1: Status | O1: Notes | P1: Design_Status | Q1: Actual_Result | R1: Bug_ID | S1: Tester | T1: Executed_Date
A2: TC-FLT-001 | B2: 01. Bộ lọc kỳ & thuế | C2: REQ-UI-01;REQ-UI-02 | D2: Kiểm tra khối bộ lọc hiển thị đủ Kỳ xem, Từ ngày – Đến ngày, Store, Client Advisor, Giá trị tiền | E2: UI | F2: Positive | G2: CL | H2: P3 | I2: 1. Theo SETUP-01: đăng nhập U-CRM 2. Theo SETUP-07: môi trường có dữ liệu ~100 store | J2: - | K2: 1. Mở menu Dashboard, vào màn hình Dashboard Doanh thu & Đơn hàng 2. Quan sát khối bộ lọc trên cùng màn hình | L2: 2. Có nhóm Kỳ xem gồm 5 nút "Hôm nay", "Tuần này", "Tháng này", "Tháng trước", "Năm này" - Có ô Từ ngày – Đến ngày kèm icon lịch, bộ chọn Store, bộ lọc Client Advisor - Góc phải có nhóm Giá trị tiền với 2 nút "Sau thuế" và "Trước thuế" | M2: No | N2: Not Run | O2: Mockup image1–3: Kỳ xem, Từ ngày – Đến ngày, Store, Giá trị tiền | P2: Ready
A3: TC-FLT-002 | B3: 01. Bộ lọc kỳ & thuế | C3: REQ-UI-01 | D3: Kiểm tra preset Hôm nay đặt kỳ đúng 1 ngày là ngày hiện tại | E3: Functional | F3: Positive | G3: EP | H3: P2 | I3: 1. Theo SETUP-01: đăng nhập U-CRM | J3: - | K3: 1. Mở menu Dashboard, vào màn hình Dashboard Doanh thu & Đơn hàng 2. Bấm nút "Hôm nay" | L3: 2. Nút Hôm nay ở trạng thái đang chọn; Từ ngày = Đến ngày = ngày hiện tại (dd/mm/yyyy) - Khối biểu đồ Sales theo thời gian không vẽ cột (kỳ 1 ngày) | M3: Candidate | N3: Not Run | P3: Ready
A4: TC-FLT-003 | B4: 01. Bộ lọc kỳ & thuế | C4: REQ-UI-01 | D4: Kiểm tra preset Tuần này đặt kỳ từ Thứ Hai của tuần hiện tại đến hôm nay | E4: Functional | F4: Positive | G4: EP | H4: P2 | I4: 1. Theo SETUP-01: đăng nhập U-CRM | J4: - | K4: 1. Mở menu Dashboard, vào màn hình Dashboard Doanh thu & Đơn hàng 2. Bấm nút "Tuần này" | L4: 2. Từ ngày = Thứ Hai của tuần chứa hôm nay; Đến ngày = hôm nay | M4: Candidate | N4: Not Run | O4: [Giả định AS-05] ngày kết thúc của Tuần này. Nếu hôm nay là Thứ Hai: kỳ 1 ngày | P4: Needs Clarification (AS-05)
A5: TC-FLT-004 | B5: 01. Bộ lọc kỳ & thuế | C5: REQ-UI-01 | D5: Kiểm tra preset Tháng này đặt kỳ từ ngày 01 của tháng hiện tại đến hôm nay | E5: Functional | F5: Positive | G5: EP | H5: P2 | I5: 1. Theo SETUP-01: đăng nhập U-CRM | J5: - | K5: 1. Mở menu Dashboard, vào màn hình Dashboard Doanh thu & Đơn hàng 2. Bấm nút "Tháng này" | L5: 2. Từ ngày = 01/<tháng hiện tại>/<năm>; Đến ngày = hôm nay (ví dụ nguồn: Tháng này 01/10–14/10 khi hôm nay 14/10) | M5: Candidate | N5: Not Run | P5: Ready
A6: TC-FLT-005 | B6: 01. Bộ lọc kỳ & thuế | C6: REQ-UI-01 | D6: Kiểm tra preset Tháng trước đặt kỳ trọn tháng dương lịch liền trước | E6: Functional | F6: Positive | G6: EP | H6: P2 | I6: 1. Theo SETUP-01: đăng nhập U-CRM | J6: - | K6: 1. Mở menu Dashboard, vào màn hình Dashboard Doanh thu & Đơn hàng 2. Bấm nút "Tháng trước" | L6: 2. Từ ngày = ngày 01 của tháng trước; Đến ngày = ngày cuối của tháng trước (ví dụ nguồn: 01/09–30/09) | M6: Candidate | N6: Not Run | P6: Ready
A7: TC-FLT-006 | B7: 01. Bộ lọc kỳ & thuế | C7: REQ-UI-01 | D7: Kiểm tra preset Năm này đặt kỳ từ 01/01 năm hiện tại đến hôm nay | E7: Functional | F7: Positive | G7: EP | H7: P2 | I7: 1. Theo SETUP-01: đăng nhập U-CRM | J7: - | K7: 1. Mở menu Dashboard, vào màn hình Dashboard Doanh thu & Đơn hàng 2. Bấm nút "Năm này" | L7: 2. Từ ngày = 01/01/<năm hiện tại>; Đến ngày = hôm nay (ví dụ nguồn: Năm này 01/01–14/10) | M7: Candidate | N7: Not Run | P7: Ready
A8: TC-FLT-007 | B8: 01. Bộ lọc kỳ & thuế | C8: REQ-UI-01 | D8: Kiểm tra chọn khoảng Từ ngày – Đến ngày 01/09/2026 – 30/09/2026 áp dụng cho mọi khối | E8: Functional | F8: Positive | G8: EP | H8: P1 | I8: 1. Theo SETUP-01: đăng nhập U-CRM 2. Theo SETUP-08: có truy vấn Sales, Transactions toàn Tam Sơn kỳ 01/09–30/09/2026 | J8: Từ ngày: 01/09/2026; Đến ngày: 30/09/2026 | K8: 1. Mở menu Dashboard, vào màn hình Dashboard Doanh thu & Đơn hàng 2. Nhập Từ ngày 01/09/2026, Đến ngày 30/09/2026 trên lịch chọn khoảng 3. Xem thẻ Sales, Transactions và biểu đồ Sales theo thời gian | L8: 2. Ô hiển thị 01/09/2026 – 30/09/2026 3. Sales và Transactions bằng kết quả truy vấn SETUP-08 cùng kỳ; biểu đồ có 30 cột từ 01/09 đến 30/09 | M8: Candidate | N8: Not Run | O8: Truy vấn đối soát: tính đơn 0đ [Giả định AS-01], tính đơn B2B [Cần xác nhận Q-16], loại ecom [Giả định AS-09]; trạng thái nút preset khi khoảng trùng Tháng trước: Q-45 (không kiểm) | P8: Needs Clarification (Q-16, Q-45, AS-01, AS-09)
A9: TC-FLT-008 | B9: 01. Bộ lọc kỳ & thuế | C9: REQ-UI-01 | D9: Kiểm tra chấp nhận khoảng 366 ngày (biên tối đa) 01/01/2025 – 01/01/2026 | E9: Validation | F9: Boundary | G9: BVA | H9: P2 | I9: 1. Theo SETUP-01: đăng nhập U-CRM | J9: Từ ngày: 01/01/2025; Đến ngày: 01/01/2026 (366 ngày) | K9: 1. Mở menu Dashboard, vào màn hình Dashboard Doanh thu & Đơn hàng 2. Nhập Từ ngày 01/01/2025, Đến ngày 01/01/2026 trên lịch chọn khoảng | L9: 2. Kỳ được áp dụng, không có thông báo lỗi; ô hiển thị 01/01/2025 – 01/01/2026; KPI và biểu đồ tính lại (biểu đồ tự chọn Tháng, 13 cột) | M9: Candidate | N9: Not Run | P9: Ready
A10: TC-FLT-009 | B10: 01. Bộ lọc kỳ & thuế | C10: REQ-UI-01 | D10: Kiểm tra chặn khoảng 367 ngày: báo lỗi và giữ nguyên kỳ đang xem | E10: Validation | F10: Boundary | G10: BVA | H10: P2 | I10: 1. Theo SETUP-01: đăng nhập U-CRM | J10: Kỳ ban đầu: Tháng này; Từ ngày: 01/01/2025; Đến ngày: 02/01/2026 (367 ngày) | K10: 1. Mở menu Dashboard, vào màn hình Dashboard Doanh thu & Đơn hàng 2. Bấm nút "Tháng này" và ghi lại giá trị thẻ Sales 3. Nhập Từ ngày 01/01/2025, Đến ngày 02/01/2026 trên lịch chọn khoảng | L10: 3. Hiển thị thông báo lỗi về khoảng vượt tối đa 366 ngày [Cần xác nhận Q-07] - Kỳ vẫn là Tháng này; ô Từ ngày – Đến ngày, thẻ Sales và biểu đồ giữ nguyên như bước 2 | M10: Candidate | N10: Not Run | O10: Nội dung lỗi: [Cần xác nhận Q-07] | P10: Needs Clarification (Q-07)
A11: TC-FLT-010 | B11: 01. Bộ lọc kỳ & thuế | C11: REQ-UI-01 | D11: Kiểm tra kỳ mặc định khi mở dashboard lần đầu là Tháng này | E11: Functional | F11: Positive | G11: EP | H11: P3 | I11: 1. Theo SETUP-01: đăng nhập U-CRM 2. Phiên đăng nhập mới (chưa mở dashboard trong phiên) | J11: - | K11: 1. Mở menu Dashboard, vào màn hình Dashboard Doanh thu & Đơn hàng | L11: 1. Nút Tháng này ở trạng thái đang chọn; Từ ngày = 01 tháng hiện tại, Đến ngày = hôm nay | M11: Candidate | N11: Not Run | O11: [Giả định AS-05] theo mockup | P11: Needs Clarification (AS-05)
A12: TC-FLT-011 | B12: 01. Bộ lọc kỳ & thuế | C12: REQ-UI-02 | D12: Kiểm tra cách nhìn thuế mặc định khi mở dashboard là Sau thuế | E12: Functional | F12: Positive | G12: EP | H12: P2 | I12: 1. Theo SETUP-01: đăng nhập U-CRM 2. Phiên đăng nhập mới | J12: - | K12: 1. Mở menu Dashboard, vào màn hình Dashboard Doanh thu & Đơn hàng | L12: 1. Nút "Sau thuế" ở trạng thái đang chọn; thẻ Sales, AOV, Avg Spending/Customer gắn nhãn "Sau thuế" | M12: Candidate | N12: Not Run | O12: [Giả định AS-04] theo mockup; OQ-SPM-15 | P12: Needs Clarification (AS-04)
A13: TC-FLT-012 | B13: 01. Bộ lọc kỳ & thuế | C13: FR-SPM-009 | D13: Kiểm tra đổi Sau thuế sang Trước thuế không gọi lại API dữ liệu và hai số cùng snapshot | E13: Integration | F13: Positive | G13: EG | H13: P2 | I13: 1. Theo SETUP-01: đăng nhập U-CRM 2. Theo SETUP-09: mở DevTools tab Network | J13: Kỳ: Tháng trước | K13: 1. Mở menu Dashboard, vào màn hình Dashboard Doanh thu & Đơn hàng 2. Bấm "Tháng trước", chờ tải xong, xoá log Network 3. Ghi lại Sales sau thuế và dòng phụ Trước thuế trên thẻ Sales 4. Bấm "Trước thuế" | L13: 4. Tab Network không phát sinh request tải lại dữ liệu chỉ số - Số chính thẻ Sales bằng giá trị dòng phụ Trước thuế ghi ở bước 3; dòng phụ mới bằng số Sau thuế ở bước 3 | M13: Candidate | N13: Not Run | O13: AC-SPM-009-09 | P13: Ready
A14: TC-SCOPE-001 | B14: 02. Phạm vi dữ liệu & phân quyền | C14: FR-SPM-001 | D14: Kiểm tra Store Manager 2 store chỉ thấy số liệu ST1 + ST2, không gồm ST3 | E14: Security | F14: Positive | G14: PERM | H14: P1 | I14: 1. Theo SETUP-01: đăng nhập U-SM12 2. Theo SETUP-02 (ST1, ST2, ST3 có đơn ngày D) | J14: Kỳ: D – D | K14: 1. Mở menu Dashboard, vào màn hình Dashboard Doanh thu & Đơn hàng 2. Nhập Từ ngày D, Đến ngày D trên lịch chọn khoảng 3. Xem bộ chọn Store và các thẻ KPI | L14: 3. Bộ chọn Store chỉ có ST1, ST2 (đã chọn cả hai) - Transactions = 7 (ST1: 5, ST2: 2); Sales sau thuế = 46 600 000; không có đơn OC1, OC2 của ST3 | M14: passed | N14: Not Run | O14: AC-SPM-001-01 | P14: Ready
A15: TC-SCOPE-002 | B15: 02. Phạm vi dữ liệu & phân quyền | C15: FR-SPM-001 | D15: Kiểm tra Store Manager chọn riêng ST2 thì mọi chỉ số chỉ tính trên ST2 | E15: Functional | F15: Positive | G15: EP | H15: P1 | I15: 1. Theo SETUP-01: đăng nhập U-SM12 2. Theo SETUP-02 | J15: Kỳ: D – D; Store: ST2 | K15: 1. Mở menu Dashboard, vào màn hình Dashboard Doanh thu & Đơn hàng 2. Nhập Từ ngày D, Đến ngày D trên lịch chọn khoảng 3. Mở bộ chọn Store, chỉ chọn ST2 | L15: 3. Sales sau thuế = 4 000 000; Transactions = 2; Total Customers = 2; Coupon % = 50.0%; AOV = 2 000 000; UPT = 0.50; Frequency = 1.00; Avg Spending = 2 000 000 | M15: passed | N15: Not Run | O15: AC-SPM-001-02 | P15: Ready
A16: TC-SCOPE-003 | B16: 02. Phạm vi dữ liệu & phân quyền | C16: FR-SPM-001 | D16: Kiểm tra Client Advisor chỉ thấy bill mình đứng tên, không thấy số cấp store | E16: Security | F16: Positive | G16: PERM | H16: P1 | I16: 1. Theo SETUP-01: đăng nhập U-CA-A 2. Theo SETUP-02 | J16: Kỳ: D – D | K16: 1. Mở menu Dashboard, vào màn hình Dashboard Doanh thu & Đơn hàng 2. Nhập Từ ngày D, Đến ngày D trên lịch chọn khoảng 3. Xem thẻ Transactions và các khối trên màn hình | L16: 3. Transactions = 4 (O1, O2, O5, O6); không có O3 (chỉ CA-B đứng tên) - Không có số cấp store ST1 (Transactions store = 5) ở bất kỳ khối nào; bộ chọn Store/lọc CA không cho xem phạm vi khác [Cần xác nhận Q-40] | N16: Not Run | O16: AC-SPM-001-03; [Cần xác nhận Q-40] hiển thị bộ lọc ở mức Cá nhân | P16: Needs Clarification (Q-40)
A17: TC-SCOPE-004 | B17: 02. Phạm vi dữ liệu & phân quyền | C17: FR-SPM-001 | D17: Kiểm tra bill có 2 Client Advisor đứng tên được tính trọn cho cả hai, tổng 2 người lớn hơn store | E17: Functional | F17: Edge | G17: DT | H17: P1 | I17: 1. Theo SETUP-01: tài khoản U-CA-A, U-CA-B, U-SM12 2. Theo SETUP-02 | J17: Kỳ: D – D; bill chung: O2 | K17: 1. Đăng nhập U-CA-A, mở menu dashboard, vào màn hình dashboard doanh thu & đơn hàng, chọn kỳ D – D, ghi Transactions 2. Đăng xuất, đăng nhập U-CA-B, chọn kỳ D – D, ghi Transactions 3. Đăng xuất, đăng nhập U-SM12, chọn kỳ D – D, chọn riêng ST1, ghi Transactions | L17: 1. CA-A: Transactions = 4 (gồm O2) 2. CA-B: Transactions = 2 (gồm O2) 3. ST1: Transactions = 5; tổng CA-A + CA-B = 6 > 5 vì O2 tính trọn cho cả hai | N17: Not Run | O17: AC-SPM-001-04; Sales mức Cá nhân phụ thuộc cách gán đơn trả [Cần xác nhận Q-31] nên dùng Transactions | P17: Needs Clarification (Q-31)
A18: TC-SCOPE-005 | B18: 02. Phạm vi dữ liệu & phân quyền | C18: FR-SPM-001 | D18: Kiểm tra CRM Team thấy số toàn Tam Sơn khớp truy vấn đối soát | E18: Integration | F18: Positive | G18: PERM | H18: P1 | I18: 1. Theo SETUP-01: đăng nhập U-CRM 2. Theo SETUP-07: môi trường có dữ liệu ~100 store 3. Theo SETUP-08: truy vấn Σ total đơn bán CO, đơn trả, số đơn bán toàn bộ store (trừ ecom) kỳ 01/09–30/09/2026 | J18: Kỳ: 01/09/2026 – 30/09/2026 | K18: 1. Mở menu Dashboard, vào màn hình Dashboard Doanh thu & Đơn hàng 2. Nhập Từ ngày 01/09/2026, Đến ngày 30/09/2026 trên lịch chọn khoảng 3. So sánh thẻ Sales sau thuế, Transactions với kết quả truy vấn | L18: 3. Sales sau thuế = Σ total đơn bán − Σ total đơn trả của mọi store; Transactions = số đơn bán hợp lệ của mọi store | M18: passed | N18: Not Run | O18: Ecom loại khỏi truy vấn theo [Giả định AS-09]; đơn 0đ tính là transaction [Giả định AS-01]; đơn B2B tính [Cần xác nhận Q-16] | P18: Needs Clarification (Q-16, AS-01, AS-09)
A19: TC-SCOPE-006 | B19: 02. Phạm vi dữ liệu & phân quyền | C19: FR-SPM-001 | D19: Kiểm tra tài khoản nhiều Position nhận phạm vi lớn nhất được cấp | E19: Security | F19: Positive | G19: PERM | H19: P2 | I19: 1. Theo SETUP-01: đăng nhập U-MULTI (Store Manager ST1 + Retail Manager Brand BR-1; BR-1 gồm ST1, ST3) | J19: - | K19: 1. Mở menu Dashboard, vào màn hình Dashboard Doanh thu & Đơn hàng 2. Mở bộ chọn Store | L19: 2. Danh sách gồm toàn bộ store Brand BR-1 (ST1, ST3 và store BR-1 khác) — phạm vi lớn nhất là Retail Manager BR-1; mặc định chọn tất cả; không có ST2 (BR-2) | M19: passed | N19: Not Run | P19: Ready
A20: TC-SCOPE-007 | B20: 02. Phạm vi dữ liệu & phân quyền | C20: FR-SPM-001;FR-SPM-003 | D20: Kiểm tra đơn đã huỷ (VO) không vào Sales và Transactions | E20: Functional | F20: Negative | G20: EP | H20: P1 | I20: 1. Theo SETUP-01: đăng nhập U-SM12 2. Theo SETUP-02 (O7 3 000 000 đã chuyển VO) | J20: Kỳ: D – D; Store: ST1 | K20: 1. Mở menu Dashboard, vào màn hình Dashboard Doanh thu & Đơn hàng 2. Nhập Từ ngày D, Đến ngày D trên lịch chọn khoảng 3. Mở bộ chọn Store, chỉ chọn ST1 | L20: 3. Transactions = 5 (không có O7); Sales sau thuế = 42 600 000 (không cộng 3 000 000 của O7) | N20: Not Run | O20: AC-SPM-001-07 | P20: Ready
A21: TC-SCOPE-008 | B21: 02. Phạm vi dữ liệu & phân quyền | C21: FR-SPM-001 | D21: Kiểm tra đơn nháp/đang xử lý chưa hoàn tất không vào Sales và Transactions | E21: Functional | F21: Negative | G21: EP | H21: P1 | I21: 1. Theo SETUP-01: đăng nhập U-SM12 2. Theo SETUP-02 (O8 2 000 000 để trạng thái chưa hoàn tất) | J21: Kỳ: D – D; Store: ST1 | K21: 1. Mở menu Dashboard, vào màn hình Dashboard Doanh thu & Đơn hàng 2. Nhập Từ ngày D, Đến ngày D trên lịch chọn khoảng 3. Mở bộ chọn Store, chỉ chọn ST1 | L21: 3. Transactions = 5 (không có O8); Sales sau thuế = 42 600 000 (không cộng 2 000 000 của O8) | N21: Not Run | O21: AC-SPM-001-07 | P21: Ready
A22: TC-SCOPE-009 | B22: 02. Phạm vi dữ liệu & phân quyền | C22: FR-SPM-001 | D22: Kiểm tra đơn từ warehouse ecom 1000332 không xuất hiện ở phạm vi store nào | E22: Functional | F22: Negative | G22: EP | H22: P1 | I22: 1. Theo SETUP-01: đăng nhập U-SM12 2. Theo SETUP-03: 1 đơn CO warehouse 1000332, total 7 000 000, hoàn tất ngày E | J22: Kỳ: E – E | K22: 1. Mở menu Dashboard, vào màn hình Dashboard Doanh thu & Đơn hàng 2. Nhập Từ ngày E, Đến ngày E trên lịch chọn khoảng 3. Xem Sales và Transactions của ST1, ST2 và bảng Theo Store | L22: 3. Không store nào có thêm 7 000 000 / 1 đơn; số liệu bằng số trước khi đẩy đơn ecom | N22: Not Run | O22: AC-SPM-001-06 | P22: Blocked (SETUP-03)
A23: TC-SCOPE-010 | B23: 02. Phạm vi dữ liệu & phân quyền | C23: FR-SPM-001 | D23: Kiểm tra đơn ecom không được tính ở mức Toàn Tam Sơn | E23: Functional | F23: Negative | G23: EP | H23: P2 | I23: 1. Theo SETUP-01: đăng nhập U-CRM 2. Theo SETUP-03: 1 đơn CO warehouse 1000333, total 7 000 000, hoàn tất ngày E | J23: Kỳ: E – E | K23: 1. Mở menu Dashboard, vào màn hình Dashboard Doanh thu & Đơn hàng 2. Nhập Từ ngày E, Đến ngày E trên lịch chọn khoảng 3. So sánh Sales toàn Tam Sơn với truy vấn SETUP-08 có và không có đơn ecom | L23: 3. Sales toàn Tam Sơn bằng giá trị không gồm đơn ecom [Giả định AS-09] | N23: Not Run | O23: [Giả định AS-09] OQ-SPM-06 | P23: Blocked (SETUP-03, AS-09)
A24: TC-SCOPE-011 | B24: 02. Phạm vi dữ liệu & phân quyền | C24: FR-SPM-001 | D24: Kiểm tra đơn hoàn tất 23:50 ngày 30/09 (UTC+7) thuộc kỳ tháng 9 | E24: Functional | F24: Boundary | G24: BVA | H24: P2 | I24: 1. Theo SETUP-01: đăng nhập U-SM12 2. Theo SETUP-03: đơn CO tại ST2, total 1 234 000, hoàn tất 30/09/2026 23:50:00 +07:00 | J24: Kỳ: 01/09/2026 – 30/09/2026 | K24: 1. Mở menu Dashboard, vào màn hình Dashboard Doanh thu & Đơn hàng 2. Nhập Từ ngày 01/09/2026, Đến ngày 30/09/2026 trên lịch chọn khoảng 3. Mở bộ chọn Store, chỉ chọn ST2 | L24: 3. Sales và Transactions của ST2 gồm đơn này (+1 234 000; +1) | N24: Not Run | O24: AC-SPM-001-05 | P24: Blocked (SETUP-03)
A25: TC-SCOPE-012 | B25: 02. Phạm vi dữ liệu & phân quyền | C25: FR-SPM-001 | D25: Kiểm tra đơn hoàn tất 00:00:30 ngày 01/10 (UTC+7) không thuộc kỳ tháng 9 | E25: Functional | F25: Boundary | G25: BVA | H25: P2 | I25: 1. Theo SETUP-01: đăng nhập U-SM12 2. Theo SETUP-03: đơn CO tại ST2, total 4 321 000, hoàn tất 01/10/2026 00:00:30 +07:00 | J25: Kỳ 1: 01/09/2026 – 30/09/2026; Kỳ 2: 01/10/2026 – 01/10/2026 | K25: 1. Mở menu Dashboard, vào màn hình Dashboard Doanh thu & Đơn hàng 2. Mở bộ chọn Store, chỉ chọn ST2 3. Nhập Từ ngày 01/09/2026, Đến ngày 30/09/2026 trên lịch chọn khoảng 4. Nhập Từ ngày 01/10/2026, Đến ngày 01/10/2026 trên lịch chọn khoảng | L25: 3. Sales tháng 9 của ST2 không gồm 4 321 000 4. Sales ngày 01/10 của ST2 gồm 4 321 000 | N25: Not Run | P25: Blocked (SETUP-03)
A26: TC-SCOPE-013 | B26: 02. Phạm vi dữ liệu & phân quyền | C26: FR-SPM-001 | D26: Kiểm tra gọi API số liệu với store ngoài phạm vi (ST3) bị từ chối | E26: Security | F26: Negative | G26: PERM | H26: P1 | I26: 1. Theo SETUP-01: đăng nhập U-SM12 2. Theo SETUP-09: DevTools tab Network | J26: Store ngoài phạm vi: ST3 | K26: 1. Mở menu Dashboard, vào màn hình Dashboard Doanh thu & Đơn hàng 2. Trong Network, copy request lấy số liệu dashboard (Copy as fetch/cURL) 3. Sửa tham số store thành ID của ST3, gửi lại bằng phiên của U-SM12 | L26: 3. Hệ thống từ chối: response không chứa Sales/Transactions của ST3 (lỗi phân quyền hoặc dữ liệu rỗng), không trả số của ST3 | N26: Not Run | O26: AC-SPM-001-08; BR-SPM-001 áp dụng ở tầng truy vấn | P26: Ready
A27: TC-SCOPE-014 | B27: 02. Phạm vi dữ liệu & phân quyền | C27: FR-SPM-001 | D27: Kiểm tra Client Advisor gọi API lấy số store hoặc số của CA khác bị từ chối | E27: Security | F27: Negative | G27: PERM | H27: P1 | I27: 1. Theo SETUP-01: đăng nhập U-CA-A 2. Theo SETUP-09: DevTools tab Network | J27: Phạm vi thử: ST1 cấp store; nhân viên U-CA-B | K27: 1. Mở menu Dashboard, vào màn hình Dashboard Doanh thu & Đơn hàng 2. Copy request lấy số liệu dashboard 3. Sửa tham số phạm vi thành cấp store ST1, gửi lại 4. Sửa tham số nhân viên thành U-CA-B, gửi lại | L27: 3. Không trả số cấp store ST1 4. Không trả số của U-CA-B | N27: Not Run | O27: BR-SPM-001 | P27: Ready
A28: TC-SCOPE-015 | B28: 02. Phạm vi dữ liệu & phân quyền | C28: FR-SPM-001;FR-SPM-011 | D28: Kiểm tra bộ chọn Store không cho tìm hoặc chọn store ngoài phạm vi | E28: Security | F28: Negative | G28: PERM | H28: P1 | I28: 1. Theo SETUP-01: đăng nhập U-SM12 | J28: Từ khoá: tên ST3 | K28: 1. Mở menu Dashboard, vào màn hình Dashboard Doanh thu & Đơn hàng 2. Mở bộ chọn Store, gõ tên ST3 vào ô tìm kiếm | L28: 2. Không có kết quả ST3; danh sách chỉ có thể chứa ST1, ST2 | N28: Not Run | O28: BR-SPM-020: không mở rộng ngoài phạm vi | P28: Ready
A29: TC-SCOPE-016 | B29: 02. Phạm vi dữ liệu & phân quyền | C29: FR-SPM-001 | D29: Kiểm tra đơn không có nhân viên đứng tên tính ở mức store nhưng không ở mức Cá nhân | E29: Functional | F29: Edge | G29: EP | H29: P2 | I29: 1. Theo SETUP-01: U-SM12, U-CA-A, U-CA-B 2. Theo SETUP-03: đơn CO tại ST1, list_employees = [], total 2 222 000, hoàn tất ngày E | J29: Kỳ: E – E | K29: 1. Đăng nhập U-SM12, mở dashboard, chọn kỳ E – E, chọn riêng ST1 2. Đăng nhập lần lượt U-CA-A, U-CA-B, chọn kỳ E – E | L29: 1. Sales ST1 gồm 2 222 000, Transactions gồm đơn này 2. Không Client Advisor nào có đơn này trong Sales/Transactions | N29: Not Run | O29: AC-SPM-001-09 | P29: Blocked (SETUP-03)
A30: TC-SCOPE-017 | B30: 02. Phạm vi dữ liệu & phân quyền | C30: REQ-UI-05;FR-SPM-011 | D30: Kiểm tra giao diện vai trò Cá nhân chỉ có biểu đồ thời gian và thẻ giải thích thay bảng | E30: UI | F30: Positive | G30: PERM | H30: P2 | I30: 1. Theo SETUP-01: đăng nhập U-CA-A | J30: Kỳ: Tháng này | K30: 1. Mở menu Dashboard, vào màn hình Dashboard Doanh thu & Đơn hàng 2. Cuộn qua khối biểu đồ và khối bảng | L30: 2. Có biểu đồ Sales theo thời gian; không có panel Xếp hạng Top 10 / Bottom 10 - Không có bảng breakdown; thay bằng thẻ giải thích nội dung "tính trọn bill mình đứng tên" | N30: Not Run | P30: Ready
A31: TC-SCOPE-018 | B31: 02. Phạm vi dữ liệu & phân quyền | C31: FR-SPM-001 | D31: Kiểm tra đăng xuất rồi đăng nhập vai trò khác không giữ phạm vi store cũ | E31: Security | F31: Edge | G31: EG | H31: P2 | I31: 1. Theo SETUP-01: U-CRM, U-SM12 | J31: - | K31: 1. Đăng nhập U-CRM, mở dashboard, chọn riêng 1 store ngoài ST1/ST2 2. Đăng xuất 3. Đăng nhập U-SM12 trên cùng trình duyệt, mở dashboard | L31: 3. Bộ chọn Store chỉ có ST1, ST2 và đang chọn cả hai; không còn store chọn ở bước 1 | M31: passed | N31: Not Run | P31: Ready
A32: TC-SCOPE-019 | B32: 02. Phạm vi dữ liệu & phân quyền | C32: FR-SPM-009 | D32: Kiểm tra đơn đồng bộ chậm từ HUB thuộc kỳ cũ làm thay đổi số của kỳ cũ | E32: Integration | F32: Edge | G32: EG | H32: P3 | I32: 1. Theo SETUP-01: đăng nhập U-SM12 2. Theo SETUP-03: đẩy qua HUB 1 đơn CO tại ST2, total 3 333 000, ngày hoàn tất 15/09/2026, sau khi đã ghi số tháng 9 | J32: Kỳ: 01/09/2026 – 30/09/2026 | K32: 1. Mở menu Dashboard, vào màn hình Dashboard Doanh thu & Đơn hàng 2. Nhập Từ ngày 01/09/2026, Đến ngày 30/09/2026 trên lịch chọn khoảng 3. Mở bộ chọn Store, chỉ chọn ST2, ghi Sales 4. Đẩy đơn chậm qua HUB, chờ đồng bộ, tải lại dashboard với cùng kỳ | L32: 4. Sales tháng 9 của ST2 tăng 3 333 000, Transactions tăng 1 (không có ngày chốt số liệu) | N32: Not Run | P32: Blocked (SETUP-03)
A33: TC-SCOPE-020 | B33: 02. Phạm vi dữ liệu & phân quyền | C33: FR-SPM-001 | D33: Kiểm tra mức Cá nhân không phụ thuộc PIC: bill của khách có PIC là CA-A nhưng chỉ CA-B đứng tên chỉ tính cho CA-B | E33: Security | F33: Edge | G33: DT | H33: P1 | I33: 1. Theo SETUP-01: tài khoản U-CA-A, U-CA-B 2. Theo SETUP-05: khách KP có PIC = U-CA-A tại ST1 3. Theo SETUP-11: ngày G (U-CA-A, U-CA-B không có đơn khác ngày G), tạo tại ST1 bill BP của KP, total 3 000 000, chỉ U-CA-B đứng tên | J33: Kỳ: G – G; bill BP 3 000 000; đứng tên: U-CA-B; PIC của khách: U-CA-A | K33: 1. Mở menu Dashboard, vào màn hình Dashboard Doanh thu & Đơn hàng bằng U-CA-A 2. Nhập Từ ngày G, Đến ngày G trên lịch chọn khoảng 3. Đăng xuất, đăng nhập U-CA-B, mở dashboard, nhập kỳ G – G | L33: 2. U-CA-A: Transactions = 0, Sales = 0 (bill BP không tính dù U-CA-A là PIC của khách) 3. U-CA-B: Transactions = 1, Sales = 3 000 000 | N33: Not Run | O33: Review R-08; BR-SPM-002 | P33: Ready
A34: TC-SCOPE-021 | B34: 02. Phạm vi dữ liệu & phân quyền | C34: FR-SPM-001;FR-SPM-011 | D34: Kiểm tra Store Manager chỉ được gán 1 store: nhãn là tên store, xếp hạng Client Advisor, không có tab Theo Store | E34: Functional | F34: Positive | G34: PERM | H34: P2 | I34: 1. Theo SETUP-01: đăng nhập U-SM1 (Store Manager chỉ ST1) 2. Theo SETUP-02 | J34: Kỳ: D – D | K34: 1. Mở menu Dashboard, vào màn hình Dashboard Doanh thu & Đơn hàng 2. Nhập Từ ngày D, Đến ngày D trên lịch chọn khoảng 3. Mở bộ chọn Store, bỏ chọn ST1 4. Xem panel xếp hạng, bảng breakdown và bộ lọc Client Advisor | L34: 2. Nhãn bộ chọn Store là tên ST1; Sales = 42 600 000, Transactions = 5 3. ST1 vẫn được chọn (không bỏ được store cuối) 4. Panel xếp hạng Client Advisor của ST1; bảng không có tab Theo Store, có tab Theo Client Advisor; bộ lọc Client Advisor khả dụng (1 store ≤ 5) | N34: Not Run | O34: Review R-09; BR-SPM-020…023 | P34: Ready
A35: TC-SCOPE-022 | B35: 02. Phạm vi dữ liệu & phân quyền | C35: FR-SPM-001 | D35: Kiểm tra biên dưới của kỳ: đơn 00:00:00 ngày đầu kỳ thuộc kỳ, đơn 23:59:59 ngày liền trước không thuộc | E35: Functional | F35: Boundary | G35: BVA | H35: P2 | I35: 1. Theo SETUP-01: đăng nhập U-SM12 2. Theo SETUP-03: tại ST2, đơn A total 1 111 000 hoàn tất (H−1) 23:59:59 +07:00; đơn B total 2 222 000 hoàn tất H 00:00:00 +07:00; ST2 không có đơn khác ngày H−1, H | J35: Kỳ 1: H – H; Kỳ 2: H−1 – H−1; Store: ST2 | K35: 1. Mở menu Dashboard, vào màn hình Dashboard Doanh thu & Đơn hàng 2. Mở bộ chọn Store, chỉ chọn ST2 3. Nhập Từ ngày H, Đến ngày H trên lịch chọn khoảng 4. Nhập Từ ngày H−1, Đến ngày H−1 trên lịch chọn khoảng | L35: 3. Sales = 2 222 000; Transactions = 1 (chỉ đơn B) 4. Sales = 1 111 000; Transactions = 1 (chỉ đơn A) | N35: Not Run | O35: Review R-18 | P35: Blocked (SETUP-03)
A36: TC-SCOPE-023 | B36: 02. Phạm vi dữ liệu & phân quyền | C36: FR-SPM-001 | D36: Kiểm tra truy cập dashboard và API số liệu khi chưa đăng nhập bị chặn | E36: Security | F36: Negative | G36: PERM | H36: P1 | I36: 1. Chưa đăng nhập (xoá cookie phiên) 2. Theo SETUP-09: đã copy URL dashboard và request API số liệu từ một phiên hợp lệ trước đó | J36: URL dashboard; request API số liệu | K36: 1. Mở URL dashboard trên trình duyệt chưa đăng nhập 2. Gửi lại request API số liệu không kèm phiên | L36: 1. Chuyển tới màn hình đăng nhập, không hiển thị số liệu 2. Không trả số liệu (lỗi xác thực) | N36: Not Run | O36: Review R-35; BR-SPM-001 | P36: Ready
A37: TC-SALES-001 | B37: 03. Sales (số đo nền) | C37: FR-SPM-002 | D37: Kiểm tra Sales sau thuế ST1 ngày D = 42 600 000 (đã trừ đơn trả R1) | E37: Functional | F37: Positive | G37: EP | H37: P1 | I37: 1. Theo SETUP-01: đăng nhập U-SM12 2. Theo SETUP-02 | J37: Kỳ: D – D; Store: ST1; bán 48 000 000; trả R1 5 400 000 | K37: 1. Mở menu Dashboard, vào màn hình Dashboard Doanh thu & Đơn hàng 2. Nhập Từ ngày D, Đến ngày D trên lịch chọn khoảng 3. Mở bộ chọn Store, chỉ chọn ST1 4. Đảm bảo đang chọn "Sau thuế", xem thẻ Sales | L37: 4. Thẻ Sales = 42 600 000 (12 525 500 + 10 000 000 + 9 474 500 + 8 000 000 + 8 000 000 − 5 400 000), nhãn Sau thuế | M37: Candidate | N37: Not Run | O37: AC-SPM-002-01 | P37: Ready
A38: TC-SALES-002 | B38: 03. Sales (số đo nền) | C38: FR-SPM-002 | D38: Kiểm tra Sales trước thuế ST1 ngày D = Sales sau thuế − (Σ tax_total đơn bán − Σ tax_total đơn trả) | E38: Functional | F38: Positive | G38: EP | H38: P1 | I38: 1. Theo SETUP-01: đăng nhập U-SM12 2. Theo SETUP-02 3. Theo SETUP-08: đã ghi tax_total của O1, O2, O3, O5, O6, R1 | J38: Kỳ: D – D; Store: ST1 | K38: 1. Mở menu Dashboard, vào màn hình Dashboard Doanh thu & Đơn hàng 2. Nhập Từ ngày D, Đến ngày D trên lịch chọn khoảng 3. Mở bộ chọn Store, chỉ chọn ST1 4. Bấm "Trước thuế", xem thẻ Sales | L38: 4. Thẻ Sales = 42 600 000 − (Σ tax_total O1, O2, O3, O5, O6 − tax_total R1), nhãn Trước thuế; giá trị ≤ 42 600 000 - Không bằng Σ subtotal (không dùng subtotal) | M38: Candidate | N38: Not Run | O38: AC-SPM-002-07, 08; đơn trả: [Cần xác nhận Q-18] | P38: Needs Clarification (Q-18)
A39: TC-SALES-003 | B39: 03. Sales (số đo nền) | C39: FR-SPM-002;FR-SPM-001 | D39: Kiểm tra đơn trả cross-period trừ vào kỳ của ngày trả, kỳ của đơn bán giữ nguyên | E39: Functional | F39: Edge | G39: DT | H39: P1 | I39: 1. Theo SETUP-01: đăng nhập U-SM12 2. Theo SETUP-02 (O0 bán ngày D−1 3 200 000; R2 trả 1 sp O0 ngày D+1 1 600 000) | J39: Store: ST1; Kỳ 1: D−1 – D−1; Kỳ 2: D+1 – D+1 | K39: 1. Mở menu Dashboard, vào màn hình Dashboard Doanh thu & Đơn hàng 2. Mở bộ chọn Store, chỉ chọn ST1 3. Nhập Từ ngày D−1, Đến ngày D−1 trên lịch chọn khoảng 4. Nhập Từ ngày D+1, Đến ngày D+1 trên lịch chọn khoảng | L39: 3. Sales ngày D−1 = 3 200 000 (không bị trừ R2) 4. Sales ngày D+1 = −6 600 000 (gồm −1 600 000 của R2 và −5 000 000 của R3) | M39: Candidate | N39: Not Run | O39: AC-SPM-002-02, BR-SPM-004 | P39: Ready
A40: TC-SALES-004 | B40: 03. Sales (số đo nền) | C40: FR-SPM-002;FR-SPM-009 | D40: Kiểm tra kỳ chỉ có đơn trả hiển thị Sales âm −6 600 000 có dấu − và màu Error | E40: Functional | F40: Edge | G40: EP | H40: P1 | I40: 1. Theo SETUP-01: đăng nhập U-SM12 2. Theo SETUP-02 | J40: Kỳ: D+1 – D+1; Store: ST1 | K40: 1. Mở menu Dashboard, vào màn hình Dashboard Doanh thu & Đơn hàng 2. Nhập Từ ngày D+1, Đến ngày D+1 trên lịch chọn khoảng 3. Mở bộ chọn Store, chỉ chọn ST1 | L40: 3. Thẻ Sales hiển thị −6 600 000 (dấu −, tách nghìn khoảng trắng), chữ màu Error; không hiển thị 0 | M40: Candidate | N40: Not Run | O40: AC-SPM-002-03, AC-SPM-009-05 | P40: Ready
A41: TC-SALES-005 | B41: 03. Sales (số đo nền) | C41: FR-SPM-002 | D41: Kiểm tra đơn trả toàn bộ trong cùng kỳ đóng góp 0 vào Sales ở cả hai cách nhìn | E41: Functional | F41: Positive | G41: EP | H41: P2 | I41: 1. Theo SETUP-01: đăng nhập U-SM12 2. Theo SETUP-02 (ST2: OB1 4 000 000; OB2 6 000 000 trả toàn bộ RB2 cùng ngày D) 3. Theo SETUP-08: đã ghi tax_total OB1 | J41: Kỳ: D – D; Store: ST2 | K41: 1. Mở menu Dashboard, vào màn hình Dashboard Doanh thu & Đơn hàng 2. Nhập Từ ngày D, Đến ngày D trên lịch chọn khoảng 3. Mở bộ chọn Store, chỉ chọn ST2 4. Bấm "Trước thuế" | L41: 3. Sales sau thuế = 4 000 000 (OB2 và RB2 triệt tiêu) 4. Sales trước thuế = 4 000 000 − tax_total OB1 (OB2 đóng góp 0) | M41: Candidate | N41: Not Run | O41: AC-SPM-002-06; đơn trả: [Cần xác nhận Q-18] | P41: Needs Clarification (Q-18)
A42: TC-SALES-006 | B42: 03. Sales (số đo nền) | C42: FR-SPM-002 | D42: Kiểm tra đơn 0đ không làm thay đổi Sales ở cả hai cách nhìn | E42: Functional | F42: Edge | G42: EP | H42: P2 | I42: 1. Theo SETUP-01: đăng nhập U-SM12 2. Theo SETUP-02 (ST2 ngày D+3: OB5 0đ coupon 100%; OB6 2 000 000) 3. Theo SETUP-08: đã ghi tax_total OB6 | J42: Kỳ: D+3 – D+3; Store: ST2 | K42: 1. Mở menu Dashboard, vào màn hình Dashboard Doanh thu & Đơn hàng 2. Nhập Từ ngày D+3, Đến ngày D+3 trên lịch chọn khoảng 3. Mở bộ chọn Store, chỉ chọn ST2 4. Bấm "Trước thuế" | L42: 3. Sales sau thuế = 2 000 000 4. Sales trước thuế = 2 000 000 − tax_total OB6 | M42: Candidate | N42: Not Run | O42: AC-SPM-002-13 (phần Sales) | P42: Ready
A43: TC-SALES-007 | B43: 03. Sales (số đo nền) | C43: FR-SPM-002 | D43: Kiểm tra header subtotal = 0, tax_total = 0, total 3 836 000: cả hai cách nhìn +3 836 000 và ghi log thiếu VAT | E43: Integration | F43: Edge | G43: EG | H43: P2 | I43: 1. Theo SETUP-01: đăng nhập U-SM12 2. Theo SETUP-03: đơn CO tại ST2 ngày E, subtotal 0, discount_total 0, tax_total 0, total 3 836 000 (ST2 không có đơn khác ngày E) | J43: Kỳ: E – E; Store: ST2 | K43: 1. Mở menu Dashboard, vào màn hình Dashboard Doanh thu & Đơn hàng 2. Nhập Từ ngày E, Đến ngày E trên lịch chọn khoảng 3. Mở bộ chọn Store, chỉ chọn ST2 4. Bấm "Trước thuế" 5. Theo SETUP-08: đọc log cảnh báo của lần tính số | L43: 3. Sales sau thuế = 3 836 000 4. Sales trước thuế = 3 836 000 5. Có log cảnh báo thiếu VAT cho đơn này; số không bị tự sửa | M43: Candidate | N43: Not Run | O43: AC-SPM-002-04, BR-SPM-003 | P43: Blocked (SETUP-03)
A44: TC-SALES-008 | B44: 03. Sales (số đo nền) | C44: FR-SPM-002 | D44: Kiểm tra đơn đã tính vào Sales sau đó chuyển VO thì tự rời khỏi Sales | E44: Functional | F44: Edge | G44: ST | H44: P1 | I44: 1. Theo SETUP-01: đăng nhập U-SM12 2. Theo SETUP-03: đơn CO tại ST2 ngày E total 5 555 000 đã hiển thị trong Sales; ERP chuyển đơn sang VO | J44: Kỳ: E – E; Store: ST2 | K44: 1. Mở menu Dashboard, vào màn hình Dashboard Doanh thu & Đơn hàng 2. Nhập Từ ngày E, Đến ngày E trên lịch chọn khoảng 3. Mở bộ chọn Store, chỉ chọn ST2, ghi Sales và Transactions 4. Chuyển đơn sang VO qua HUB, chờ đồng bộ, tải lại dashboard | L44: 4. Sales giảm 5 555 000, Transactions giảm 1; không phát sinh bút toán âm riêng | M44: Candidate | N44: Not Run | O44: AC-SPM-002-05 | P44: Blocked (SETUP-03)
A45: TC-SALES-009 | B45: 03. Sales (số đo nền) | C45: FR-SPM-002 | D45: Kiểm tra đơn thật subtotal 11 386 818, tax 1 138 682, total 12 525 500 đóng góp đúng hai cách nhìn | E45: Functional | F45: Positive | G45: EP | H45: P1 | I45: 1. Theo SETUP-01: đăng nhập U-SM12 2. Theo SETUP-03: đơn CO duy nhất tại ST2 ngày E với header như Test_Data | J45: subtotal 11 386 818; discount_total 0; tax_total 1 138 682; total 12 525 500 | K45: 1. Mở menu Dashboard, vào màn hình Dashboard Doanh thu & Đơn hàng 2. Nhập Từ ngày E, Đến ngày E trên lịch chọn khoảng 3. Mở bộ chọn Store, chỉ chọn ST2 4. Bấm "Trước thuế" | L45: 3. Sales sau thuế = 12 525 500 4. Sales trước thuế = 11 386 818 | M45: Candidate | N45: Not Run | O45: AC-SPM-002-09 | P45: Blocked (SETUP-03)
A46: TC-SALES-010 | B46: 03. Sales (số đo nền) | C46: FR-SPM-002 | D46: Kiểm tra đơn có giảm giá: Sales trước thuế 11 000 000, không phải subtotal 12 000 000 | E46: Functional | F46: Positive | G46: EP | H46: P1 | I46: 1. Theo SETUP-01: đăng nhập U-SM12 2. Theo SETUP-03: đơn CO duy nhất tại ST2 ngày E | J46: subtotal 12 000 000; discount_total 1 000 000; tax_total 880 000; total 11 880 000 | K46: 1. Mở menu Dashboard, vào màn hình Dashboard Doanh thu & Đơn hàng 2. Nhập Từ ngày E, Đến ngày E trên lịch chọn khoảng 3. Mở bộ chọn Store, chỉ chọn ST2 4. Bấm "Trước thuế" | L46: 3. Sales sau thuế = 11 880 000 4. Sales trước thuế = 11 000 000 | M46: Candidate | N46: Not Run | O46: AC-SPM-002-10 | P46: Blocked (SETUP-03)
A47: TC-SALES-011 | B47: 03. Sales (số đo nền) | C47: FR-SPM-002 | D47: Kiểm tra đơn 2 thuế suất dùng tax_total ERP: trước thuế 15 000 000, không phải 14 909 091 | E47: Functional | F47: Edge | G47: EG | H47: P2 | I47: 1. Theo SETUP-01: đăng nhập U-SM12 2. Theo SETUP-03: đơn CO duy nhất tại ST2 ngày E, 2 dòng thuế suất 10% và 8% | J47: tax_total 1 400 000; total 16 400 000 | K47: 1. Mở menu Dashboard, vào màn hình Dashboard Doanh thu & Đơn hàng 2. Nhập Từ ngày E, Đến ngày E trên lịch chọn khoảng 3. Mở bộ chọn Store, chỉ chọn ST2 4. Bấm "Trước thuế" | L47: 4. Sales trước thuế = 15 000 000 | M47: Candidate | N47: Not Run | O47: AC-SPM-002-11 | P47: Blocked (SETUP-03)
A48: TC-SALES-012 | B48: 03. Sales (số đo nền) | C48: FR-SPM-002 | D48: Kiểm tra đơn trả total 5 400 000, tax 400 000 trừ −5 400 000 sau thuế và −5 000 000 trước thuế | E48: Functional | F48: Positive | G48: EP | H48: P1 | I48: 1. Theo SETUP-01: đăng nhập U-SM12 2. Theo SETUP-03: ngày E tại ST2 chỉ có 1 đơn trả hoàn tất (total 5 400 000, tax_total 400 000) | J48: Kỳ: E – E; Store: ST2 | K48: 1. Mở menu Dashboard, vào màn hình Dashboard Doanh thu & Đơn hàng 2. Nhập Từ ngày E, Đến ngày E trên lịch chọn khoảng 3. Mở bộ chọn Store, chỉ chọn ST2 4. Bấm "Trước thuế" | L48: 3. Sales sau thuế = −5 400 000 4. Sales trước thuế = −5 000 000 | M48: Candidate | N48: Not Run | O48: AC-SPM-002-12; [Cần xác nhận Q-18] | P48: Blocked (SETUP-03, Q-18)
A49: TC-SALES-013 | B49: 03. Sales (số đo nền) | C49: FR-SPM-002 | D49: Kiểm tra lệch công thức header đúng 1đ không ghi log cảnh báo | E49: Integration | F49: Boundary | G49: BVA | H49: P3 | I49: 1. Theo SETUP-03: đơn CO subtotal 10 000 000, discount_total 0, tax_total 1 000 000, total 11 000 001 | J49: Lệch: 1đ | K49: 1. Chờ job tính số xử lý đơn 2. Theo SETUP-08: đọc log cảnh báo kiểm tra chéo 3. Xem Sales sau thuế của store/ngày chứa đơn | L49: 2. Không có log cảnh báo kiểm tra chéo cho đơn này 3. Đơn đóng góp 11 000 001 vào Sales sau thuế | M49: Candidate | N49: Not Run | P49: Blocked (SETUP-03)
A50: TC-SALES-014 | B50: 03. Sales (số đo nền) | C50: FR-SPM-002 | D50: Kiểm tra lệch công thức header 2đ ghi log cảnh báo nhưng số vẫn theo total ERP | E50: Integration | F50: Boundary | G50: BVA | H50: P3 | I50: 1. Theo SETUP-03: đơn CO subtotal 10 000 000, discount_total 0, tax_total 1 000 000, total 11 000 002 | J50: Lệch: 2đ | K50: 1. Chờ job tính số xử lý đơn 2. Theo SETUP-08: đọc log cảnh báo kiểm tra chéo 3. Xem Sales sau thuế của store/ngày chứa đơn | L50: 2. Có log cảnh báo lệch công thức header 3. Đơn đóng góp 11 000 002 vào Sales sau thuế (không tự sửa) | M50: Candidate | N50: Not Run | P50: Blocked (SETUP-03)
A51: TC-SALES-015 | B51: 03. Sales (số đo nền) | C51: FR-SPM-002 | D51: Kiểm tra tax_total lớn hơn total ghi log cảnh báo, số vẫn lấy theo ERP | E51: Integration | F51: Edge | G51: EG | H51: P3 | I51: 1. Theo SETUP-03: đơn CO duy nhất tại ST2 ngày E, total 1 000 000, tax_total 1 200 000 | J51: Kỳ: E – E; Store: ST2 | K51: 1. Theo SETUP-08: đọc log cảnh báo kiểm tra chéo 2. Mở menu Dashboard, vào màn hình Dashboard Doanh thu & Đơn hàng, chọn kỳ E – E, chọn riêng ST2, bấm "Trước thuế" | L51: 1. Có log cảnh báo tax_total lớn hơn total 2. Sales trước thuế = −200 000 (1 000 000 − 1 200 000), không bị tự sửa | M51: Candidate | N51: Not Run | P51: Blocked (SETUP-03)
A52: TC-SALES-016 | B52: 03. Sales (số đo nền) | C52: FR-SPM-002 | D52: Kiểm tra đơn của khách B2B được tính vào Sales | E52: Functional | F52: Positive | G52: EP | H52: P2 | I52: 1. Theo SETUP-01: đăng nhập U-SM12 2. Theo SETUP-05: khách B2B KB 3. Ngày E: tạo trên POS tại ST2 1 đơn của KB total 9 000 000 (ST2 không có đơn khác ngày E) | J52: Kỳ: E – E; Store: ST2 | K52: 1. Mở menu Dashboard, vào màn hình Dashboard Doanh thu & Đơn hàng 2. Nhập Từ ngày E, Đến ngày E trên lịch chọn khoảng 3. Mở bộ chọn Store, chỉ chọn ST2 | L52: 3. Sales sau thuế = 9 000 000; Transactions = 1 [Cần xác nhận Q-16] | M52: Candidate | N52: Not Run | O52: [Cần xác nhận Q-16] OQ-SPM-05 đề xuất tính | P52: Needs Clarification (Q-16)
A53: TC-SALES-017 | B53: 03. Sales (số đo nền) | C53: FR-SPM-002 | D53: Kiểm tra tax_total âm ghi log cảnh báo kiểm tra chéo, số trước thuế vẫn lấy theo ERP | E53: Integration | F53: Edge | G53: EG | H53: P3 | I53: 1. Theo SETUP-01: đăng nhập U-SM12 2. Theo SETUP-03: đơn CO duy nhất tại ST2 ngày E, total 1 000 000, tax_total −100 000 | J53: Kỳ: E – E; Store: ST2 | K53: 1. Theo SETUP-08: đọc log cảnh báo kiểm tra chéo 2. Mở menu Dashboard, vào màn hình Dashboard Doanh thu & Đơn hàng, chọn kỳ E – E, chọn riêng ST2 3. Bấm "Trước thuế" | L53: 1. Có log cảnh báo tax_total âm cho đơn này 2. Sales sau thuế = 1 000 000 3. Sales trước thuế = 1 100 000 (1 000 000 − (−100 000)), không bị tự sửa | M53: Candidate | N53: Not Run | O53: Review R-19; BR-SPM-014 | P53: Blocked (SETUP-03)
A54: TC-TRX-001 | B54: 04. Transactions | C54: FR-SPM-003 | D54: Kiểm tra Transactions ST1 ngày D = 5, gồm đơn của khách lẻ O5 | E54: Functional | F54: Positive | G54: EP | H54: P1 | I54: 1. Theo SETUP-01: đăng nhập U-SM12 2. Theo SETUP-02 | J54: Kỳ: D – D; Store: ST1 | K54: 1. Mở menu Dashboard, vào màn hình Dashboard Doanh thu & Đơn hàng 2. Nhập Từ ngày D, Đến ngày D trên lịch chọn khoảng 3. Mở bộ chọn Store, chỉ chọn ST1 | L54: 3. Transactions = 5 (O1, O2, O3, O5 của Khách lẻ, O6); đơn trả R1 không làm giảm | M54: Candidate | N54: Not Run | O54: AC-SPM-003-05 | P54: Ready
A55: TC-TRX-002 | B55: 04. Transactions | C55: FR-SPM-003 | D55: Kiểm tra đơn 6 dòng sản phẩm, 3 nhân viên đứng tên chỉ đóng góp 1 transaction | E55: Functional | F55: Positive | G55: EP | H55: P1 | I55: 1. Theo SETUP-01: đăng nhập U-CRM 2. Theo SETUP-02 (ST3 ngày D: OC1 6 dòng, 3 nhân viên; OC2) | J55: Kỳ: D – D; Store: ST3 | K55: 1. Mở menu Dashboard, vào màn hình Dashboard Doanh thu & Đơn hàng 2. Nhập Từ ngày D, Đến ngày D trên lịch chọn khoảng 3. Mở bộ chọn Store, chỉ chọn ST3 | L55: 3. Transactions = 2 (OC1 đếm 1, OC2 đếm 1) | M55: Candidate | N55: Not Run | O55: AC-SPM-003-02 | P55: Ready
A56: TC-TRX-003 | B56: 04. Transactions | C56: FR-SPM-003 | D56: Kiểm tra đơn bán đã trả toàn bộ trong kỳ vẫn đếm 1 transaction | E56: Functional | F56: Edge | G56: EP | H56: P1 | I56: 1. Theo SETUP-01: đăng nhập U-SM12 2. Theo SETUP-02 (ST2 ngày D: OB1; OB2 trả toàn bộ) | J56: Kỳ: D – D; Store: ST2 | K56: 1. Mở menu Dashboard, vào màn hình Dashboard Doanh thu & Đơn hàng 2. Nhập Từ ngày D, Đến ngày D trên lịch chọn khoảng 3. Mở bộ chọn Store, chỉ chọn ST2 | L56: 3. Transactions = 2 (OB2 vẫn đếm dù đã trả toàn bộ) | M56: Candidate | N56: Not Run | O56: AC-SPM-003-03, BR-SPM-005 | P56: Ready
A57: TC-TRX-004 | B57: 04. Transactions | C57: FR-SPM-003 | D57: Kiểm tra đơn 0đ (coupon 100%) được đếm vào Transactions | E57: Functional | F57: Edge | G57: DT | H57: P1 | I57: 1. Theo SETUP-01: đăng nhập U-SM12 2. Theo SETUP-02 (ST2 ngày D+3: OB5 0đ; OB6 2 000 000) | J57: Kỳ: D+3 – D+3; Store: ST2 | K57: 1. Mở menu Dashboard, vào màn hình Dashboard Doanh thu & Đơn hàng 2. Nhập Từ ngày D+3, Đến ngày D+3 trên lịch chọn khoảng 3. Mở bộ chọn Store, chỉ chọn ST2 | L57: 3. Transactions = 2 (gồm OB5 0đ) [Giả định AS-01] | M57: Candidate | N57: Not Run | O57: [Giả định AS-01] AC-SPM-003-01, 06 | P57: Needs Clarification (AS-01)
A58: TC-FREQ-001 | B58: 05. Frequency | C58: FR-SPM-004 | D58: Kiểm tra Frequency ST1 ngày D = 5 ÷ 4 = 1.25 | E58: Functional | F58: Positive | G58: EP | H58: P2 | I58: 1. Theo SETUP-01: đăng nhập U-SM12 2. Theo SETUP-02 | J58: Kỳ: D – D; Store: ST1; khách: K1, K2 (2 đơn), K3, K7 | K58: 1. Mở menu Dashboard, vào màn hình Dashboard Doanh thu & Đơn hàng 2. Nhập Từ ngày D, Đến ngày D trên lịch chọn khoảng 3. Mở bộ chọn Store, chỉ chọn ST1 | L58: 3. Total Customers = 4; Frequency = 1.25 | M58: Candidate | N58: Not Run | O58: AC-SPM-004-02 | P58: Ready
A59: TC-FREQ-002 | B59: 05. Frequency | C59: FR-SPM-004 | D59: Kiểm tra tài khoản Khách lẻ chung 3 đơn và K1 1 đơn cho Frequency 2.00 | E59: Functional | F59: Positive | G59: EP | H59: P2 | I59: 1. Theo SETUP-01: đăng nhập U-SM12 2. Theo SETUP-02 (ST1 ngày D+2: O10, O11, O12 của K7; O13 của K1) | J59: Kỳ: D+2 – D+2; Store: ST1 | K59: 1. Mở menu Dashboard, vào màn hình Dashboard Doanh thu & Đơn hàng 2. Nhập Từ ngày D+2, Đến ngày D+2 trên lịch chọn khoảng 3. Mở bộ chọn Store, chỉ chọn ST1 | L59: 3. Transactions = 4; Total Customers = 2; Frequency = 2.00 | M59: Candidate | N59: Not Run | O59: AC-SPM-004-03 | P59: Ready
A60: TC-FREQ-003 | B60: 05. Frequency | C60: FR-SPM-004 | D60: Kiểm tra khách chỉ có đơn trả trong kỳ không vào mẫu số Frequency | E60: Functional | F60: Edge | G60: DT | H60: P2 | I60: 1. Theo SETUP-01: đăng nhập U-CRM 2. Theo SETUP-02 (ST3 ngày D+2: OC6 của K12; RC1 trả 1 sp OC1 của K10) | J60: Kỳ: D+2 – D+2; Store: ST3 | K60: 1. Mở menu Dashboard, vào màn hình Dashboard Doanh thu & Đơn hàng 2. Nhập Từ ngày D+2, Đến ngày D+2 trên lịch chọn khoảng 3. Mở bộ chọn Store, chỉ chọn ST3 | L60: 3. Total Customers = 1 (chỉ K12); Frequency = 1.00 [Giả định AS-06] | M60: Candidate | N60: Not Run | O60: [Giả định AS-06] AC-SPM-004-05 | P60: Needs Clarification (AS-06)
A61: TC-FREQ-004 | B61: 05. Frequency | C61: FR-SPM-004;FR-SPM-008 | D61: Kiểm tra mẫu số Frequency và Avg Spending bằng Total Customers của dashboard Khách hàng | E61: Integration | F61: Positive | G61: EP | H61: P2 | I61: 1. Theo SETUP-01: đăng nhập U-CRM 2. Theo SETUP-07: môi trường có dữ liệu ~100 store | J61: Kỳ: 01/09/2026 – 30/09/2026; phạm vi toàn Tam Sơn | K61: 1. Mở menu Dashboard, vào màn hình Dashboard Doanh thu & Đơn hàng 2. Nhập Từ ngày 01/09/2026, Đến ngày 30/09/2026 trên lịch chọn khoảng, ghi Total Customers 3. Mở dashboard Cấu trúc & Sức khỏe Khách hàng (tab Customer), cùng kỳ và phạm vi, ghi Total Customers | L61: 2. Hai giá trị Total Customers bằng nhau; Frequency = Transactions ÷ giá trị đó (2 chữ số lẻ) | M61: Candidate | N61: Not Run | O61: AC-SPM-008-03, BR-SPM-013 | P61: Ready
A62: TC-FREQ-005 | B62: 05. Frequency | C62: FR-SPM-004 | D62: Kiểm tra khách chỉ có đơn 0đ được tính 1 transaction trong Frequency | E62: Functional | F62: Edge | G62: DT | H62: P3 | I62: 1. Theo SETUP-01: đăng nhập U-SM12 2. Theo SETUP-02 (ST2 ngày D+3: OB5 0đ của K11; OB6 của K8) | J62: Kỳ: D+3 – D+3; Store: ST2 | K62: 1. Mở menu Dashboard, vào màn hình Dashboard Doanh thu & Đơn hàng 2. Nhập Từ ngày D+3, Đến ngày D+3 trên lịch chọn khoảng 3. Mở bộ chọn Store, chỉ chọn ST2 | L62: 3. Total Customers = 2; Frequency = 1.00 (2 ÷ 2) [Giả định AS-01] | M62: Candidate | N62: Not Run | O62: [Giả định AS-01] BR-SPM-012 | P62: Needs Clarification (AS-01)
A63: TC-CPN-001 | B63: 06. Coupon % | C63: FR-SPM-005 | D63: Kiểm tra Coupon % ST1 ngày D = 40.0% (đơn 3 mã đếm 1, giảm giá không mã không tính) | E63: Functional | F63: Positive | G63: EP | H63: P2 | I63: 1. Theo SETUP-01: đăng nhập U-SM12 2. Theo SETUP-02 (O2 dùng 3 mã coupon; O6 1 mã; O3 giảm giá chương trình không mã) | J63: Kỳ: D – D; Store: ST1 | K63: 1. Mở menu Dashboard, vào màn hình Dashboard Doanh thu & Đơn hàng 2. Nhập Từ ngày D, Đến ngày D trên lịch chọn khoảng 3. Mở bộ chọn Store, chỉ chọn ST1 | L63: 3. Coupon % = 40.0% (2 đơn O2, O6 ÷ 5); không phải 80.0% (đếm theo lượt mã) hay 60.0% (tính cả O3) | M63: Candidate | N63: Not Run | O63: AC-SPM-005-01, 02, 04 | P63: Ready
... A70: TC-AOV-005 | B70: 07. AOV | C70: FR-SPM-006 | D70: Kiểm tra đối soát AOV × Transactions = Sales ở cả hai cách nhìn trên dữ liệu thật | E70: Functional | F70: Positive | G70: EP | H70: P2 | I70: 1. Theo SETUP-01: đăng nhập U-CRM 2. Theo SETUP-07: môi trường có dữ liệu ~100 store | J70: Kỳ: Tháng trước | K70: 1. Mở menu Dashboard, vào màn hình Dashboard Doanh thu & Đơn hàng 2. Bấm "Tháng trước", ghi Sales, AOV, Transactions 3. Bấm "Trước thuế", ghi Sales, AOV, Transactions | L70: 2. |AOV × Transactions − Sales| ≤ Transactions × 0,5 (sai số làm tròn hiển thị) 3. Điều kiện trên cũng đúng ở Trước thuế; Transactions bằng bước 2 | M70: Yes | N70: Not Run | O70: AC-SPM-006-05, BR-SPM-009 | P70: Ready
A71: TC-AOV-006 | B71: 07. AOV | C71: FR-SPM-006 | D71: Kiểm tra AOV âm −3 000 000 khi Sales âm và có 1 transaction | E71: Functional | F71: Edge | G71: EP | H71: P2 | I71: 1. Theo SETUP-01: đăng nhập U-SM12 2. Theo SETUP-02 (ST2 ngày D+2: OB4 1 000 000; RB4 trả toàn bộ OB3 4 000 000) | J71: Kỳ: D+2 – D+2; Store: ST2 | K71: 1. Mở menu Dashboard, vào màn hình Dashboard Doanh thu & Đơn hàng 2. Nhập Từ ngày D+2, Đến ngày D+2 trên lịch chọn khoảng 3. Mở bộ chọn Store, chỉ chọn ST2 | L71: 3. Sales = −3 000 000; AOV = −3 000 000 có dấu −, màu Error | M71: Candidate | N71: Not Run | P71: Ready
A72: TC-AOV-007 | B72: 07. AOV | C72: FR-SPM-006 | D72: Kiểm tra đơn 0đ kéo AOV xuống còn 1 000 000 | E72: Functional | F72: Edge | G72: DT | H72: P2 | I72: 1. Theo SETUP-01: đăng nhập U-SM12 2. Theo SETUP-02 (ST2 ngày D+3: OB5 0đ; OB6 2 000 000) | J72: Kỳ: D+3 – D+3; Store: ST2 | K72: 1. Mở menu Dashboard, vào màn hình Dashboard Doanh thu & Đơn hàng 2. Nhập Từ ngày D+3, Đến ngày D+3 trên lịch chọn khoảng 3. Mở bộ chọn Store, chỉ chọn ST2 | L72: 3. AOV = 1 000 000 (2 000 000 ÷ 2) [Giả định AS-01] | M72: Candidate | N72: Not Run | O72: [Giả định AS-01] BR-SPM-006 | P72: Needs Clarification (AS-01)
A73: TC-UPT-001 | B73: 08. UPT | C73: FR-SPM-007 | D73: Kiểm tra UPT ST1 ngày D = 9 ÷ 5 = 1.80 (trừ sản phẩm trả, không cộng dòng giảm giá) | E73: Functional | F73: Positive | G73: EP | H73: P2 | I73: 1. Theo SETUP-01: đăng nhập U-SM12 2. Theo SETUP-02 | J73: Kỳ: D – D; Store: ST1; bán 10 sp; R1 trả 1 sp | K73: 1. Mở menu Dashboard, vào màn hình Dashboard Doanh thu & Đơn hàng 2. Nhập Từ ngày D, Đến ngày D trên lịch chọn khoảng 3. Mở bộ chọn Store, chỉ chọn ST1 | L73: 3. UPT = 1.80; không phải 2.00 (không trừ trả) hay 2.00 trở lên (cộng dòng giảm giá của O3) | M73: Candidate | N73: Not Run | O73: AC-SPM-007-01, 03, 07 | P73: Ready
A74: TC-UPT-002 | B74: 08. UPT | C74: FR-SPM-007 | D74: Kiểm tra dòng phí ship không được cộng vào số lượng UPT | E74: Functional | F74: Negative | G74: EP | H74: P2 | I74: 1. Theo SETUP-01: đăng nhập U-CRM 2. Theo SETUP-02 (ST3 ngày D: OC1 6 sp; OC2 4 sp + 1 dòng phí ship productparent_id 1051644) | J74: Kỳ: D – D; Store: ST3 | K74: 1. Mở menu Dashboard, vào màn hình Dashboard Doanh thu & Đơn hàng 2. Nhập Từ ngày D, Đến ngày D trên lịch chọn khoảng 3. Mở bộ chọn Store, chỉ chọn ST3 | L74: 3. UPT = 5.00 (10 ÷ 2); không phải 5.50 | M74: Candidate | N74: Not Run | O74: AC-SPM-007-06 | P74: Ready
A75: TC-UPT-003 | B75: 08. UPT | C75: FR-SPM-007 | D75: Kiểm tra dòng dịch vụ khắc tên không được cộng vào số lượng UPT | E75: Functional | F75: Negative | G75: EP | H75: P2 | I75: 1. Theo SETUP-01: đăng nhập U-CRM 2. Theo SETUP-02 (ST3 ngày D+1: OC3 3 sp + dòng dịch vụ khắc tên số lượng 2; OC4 1 sp; OC5 1 sp) | J75: Kỳ: D+1 – D+1; Store: ST3 | K75: 1. Mở menu Dashboard, vào màn hình Dashboard Doanh thu & Đơn hàng 2. Nhập Từ ngày D+1, Đến ngày D+1 trên lịch chọn khoảng 3. Mở bộ chọn Store, chỉ chọn ST3 | L75: 3. UPT = 1.67 (5 ÷ 3); không phải 2.33 [Cần xác nhận Q-17] | M75: Candidate | N75: Not Run | O75: [Cần xác nhận Q-17] AC-SPM-007-02, BR-SPM-011 | P75: Needs Clarification (Q-17)
A76: TC-UPT-004 | B76: 08. UPT | C76: FR-SPM-007 | D76: Kiểm tra đơn 0đ góp số lượng vào tử và +1 vào mẫu số UPT | E76: Functional | F76: Edge | G76: DT | H76: P3 | I76: 1. Theo SETUP-01: đăng nhập U-SM12 2. Theo SETUP-02 (ST2 ngày D+3: OB5 0đ 1 sp; OB6 3 sp) | J76: Kỳ: D+3 – D+3; Store: ST2 | K76: 1. Mở menu Dashboard, vào màn hình Dashboard Doanh thu & Đơn hàng 2. Nhập Từ ngày D+3, Đến ngày D+3 trên lịch chọn khoảng 3. Mở bộ chọn Store, chỉ chọn ST2 | L76: 3. UPT = 2.00 (4 ÷ 2) [Giả định AS-01] | M76: Candidate | N76: Not Run | O76: [Giả định AS-01] AC-SPM-007-05 | P76: Needs Clarification (AS-01)
A77: TC-UPT-005 | B77: 08. UPT | C77: FR-SPM-007 | D77: Kiểm tra UPT âm −2.00 khi số lượng trả lớn hơn số lượng bán | E77: Functional | F77: Edge | G77: EP | H77: P3 | I77: 1. Theo SETUP-01: đăng nhập U-SM12 2. Theo SETUP-02 (ST2 ngày D+2: OB4 1 sp; RB4 trả 3 sp của OB3) | J77: Kỳ: D+2 – D+2; Store: ST2 | K77: 1. Mở menu Dashboard, vào màn hình Dashboard Doanh thu & Đơn hàng 2. Nhập Từ ngày D+2, Đến ngày D+2 trên lịch chọn khoảng 3. Mở bộ chọn Store, chỉ chọn ST2 | L77: 3. UPT = −2.00 có dấu − | M77: Candidate | N77: Not Run | O77: FR-SPM-009: UPT âm giữ dấu − | P77: Ready
A78: TC-AVGS-001 | B78: 09. Avg Spending/Customer | C78: FR-SPM-008 | D78: Kiểm tra Avg Spending sau thuế ST1 ngày D = 42 600 000 ÷ 4 = 10 650 000 | E78: Functional | F78: Positive | G78: EP | H78: P2 | I78: 1. Theo SETUP-01: đăng nhập U-SM12 2. Theo SETUP-02 | J78: Kỳ: D – D; Store: ST1 | K78: 1. Mở menu Dashboard, vào màn hình Dashboard Doanh thu & Đơn hàng 2. Nhập Từ ngày D, Đến ngày D trên lịch chọn khoảng 3. Mở bộ chọn Store, chỉ chọn ST1 | L78: 3. Avg Spending/Customer = 10 650 000, nhãn Sau thuế; Total Customers = 4 (gồm K7 Khách lẻ) | M78: Candidate | N78: Not Run | O78: AC-SPM-008-01, 02 | P78: Ready
A79: TC-AVGS-002 | B79: 09. Avg Spending/Customer | C79: FR-SPM-008 | D79: Kiểm tra Avg Spending trước thuế = Sales trước thuế ÷ 4 | E79: Functional | F79: Positive | G79: EP | H79: P2 | I79: 1. Theo SETUP-01: đăng nhập U-SM12 2. Theo SETUP-02 3. Theo SETUP-08: tax_total các đơn ST1 ngày D | J79: Kỳ: D – D; Store: ST1 | K79: 1. Mở menu Dashboard, vào màn hình Dashboard Doanh thu & Đơn hàng 2. Nhập Từ ngày D, Đến ngày D trên lịch chọn khoảng 3. Mở bộ chọn Store, chỉ chọn ST1 4. Bấm "Trước thuế" | L79: 4. Avg Spending/Customer = Sales trước thuế ÷ 4 (half-up, 0 số lẻ), nhãn Trước thuế | M79: Candidate | N79: Not Run | O79: AC-SPM-008-09 | P79: Ready
A80: TC-AVGS-003 | B80: 09. Avg Spending/Customer | C80: FR-SPM-008 | D80: Kiểm tra khách trả toàn bộ đơn trong kỳ vẫn ở mẫu số Avg Spending | E80: Functional | F80: Edge | G80: EP | H80: P2 | I80: 1. Theo SETUP-01: đăng nhập U-SM12 2. Theo SETUP-02 (ST2 ngày D: K1 mua OB1; K9 mua OB2 rồi trả toàn bộ) | J80: Kỳ: D – D; Store: ST2 | K80: 1. Mở menu Dashboard, vào màn hình Dashboard Doanh thu & Đơn hàng 2. Nhập Từ ngày D, Đến ngày D trên lịch chọn khoảng 3. Mở bộ chọn Store, chỉ chọn ST2 | L80: 3. Total Customers = 2; Avg Spending = 2 000 000 (4 000 000 ÷ 2) | M80: Candidate | N80: Not Run | O80: AC-SPM-008-04 | P80: Ready
A81: TC-AVGS-004 | B81: 09. Avg Spending/Customer | C81: FR-SPM-008 | D81: Kiểm tra khách chỉ có đơn trả không vào mẫu số nhưng khoản hoàn vẫn trừ tử số | E81: Functional | F81: Edge | G81: DT | H81: P2 | I81: 1. Theo SETUP-01: đăng nhập U-CRM 2. Theo SETUP-02 (ST3 ngày D+2: OC6 2 000 000 của K12; RC1 K10 trả 2 500 000) | J81: Kỳ: D+2 – D+2; Store: ST3 | K81: 1. Mở menu Dashboard, vào màn hình Dashboard Doanh thu & Đơn hàng 2. Nhập Từ ngày D+2, Đến ngày D+2 trên lịch chọn khoảng 3. Mở bộ chọn Store, chỉ chọn ST3 | L81: 3. Sales = −500 000; Total Customers = 1; Avg Spending = −500 000 [Giả định AS-06] | M81: Candidate | N81: Not Run | O81: [Giả định AS-06] AC-SPM-008-05 | P81: Needs Clarification (AS-06)
A82: TC-AVGS-005 | B82: 09. Avg Spending/Customer | C82: FR-SPM-008 | D82: Kiểm tra khách chỉ có đơn 0đ vẫn ở mẫu số Avg Spending | E82: Functional | F82: Edge | G82: EP | H82: P3 | I82: 1. Theo SETUP-01: đăng nhập U-SM12 2. Theo SETUP-02 (ST2 ngày D+3: K11 chỉ có OB5 0đ; K8 có OB6 2 000 000) | J82: Kỳ: D+3 – D+3; Store: ST2 | K82: 1. Mở menu Dashboard, vào màn hình Dashboard Doanh thu & Đơn hàng 2. Nhập Từ ngày D+3, Đến ngày D+3 trên lịch chọn khoảng 3. Mở bộ chọn Store, chỉ chọn ST2 | L82: 3. Total Customers = 2; Avg Spending = 1 000 000 | M82: Candidate | N82: Not Run | O82: AC-SPM-008-06 (Total Customers không lọc theo giá trị đơn) | P82: Ready
A83: TC-AVGS-006 | B83: 09. Avg Spending/Customer | C83: FR-SPM-008 | D83: Kiểm tra cấp gộp ST1 + ST2 đếm khách K1 mua ở cả 2 store một lần | E83: Functional | F83: Edge | G83: DT | H83: P1 | I83: 1. Theo SETUP-01: đăng nhập U-SM12 2. Theo SETUP-02 | J83: Kỳ: D – D; Store: ST1 + ST2 | K83: 1. Mở menu Dashboard, vào màn hình Dashboard Doanh thu & Đơn hàng 2. Nhập Từ ngày D, Đến ngày D trên lịch chọn khoảng 3. Mở bộ chọn Store, chọn ST1 và ST2 | L83: 3. Total Customers = 5 (không phải 6); Frequency = 1.40; Avg Spending = 9 320 000 (46 600 000 ÷ 5) | M83: Candidate | N83: Not Run | O83: AC-SPM-008-08, FR-CSD-002 | P83: Ready
... A89: TC-DISP-005 | B89: 10. Định dạng & nhãn hiển thị | C89: FR-SPM-009 | D89: Kiểm tra giá trị 950 hiển thị không tách nhóm nghìn | E89: UI | F89: Boundary | G89: BVA | H89: P4 | I89: 1. Theo SETUP-01: đăng nhập U-SM12 2. Theo SETUP-03: ngày E tại ST2 chỉ có 1 đơn CO total 950 | J89: Kỳ: E – E; Store: ST2 | K89: 1. Mở menu Dashboard, vào màn hình Dashboard Doanh thu & Đơn hàng 2. Nhập Từ ngày E, Đến ngày E trên lịch chọn khoảng 3. Mở bộ chọn Store, chỉ chọn ST2 | L89: 3. Sales hiển thị 950; AOV hiển thị 950 | M89: Candidate | N89: Not Run | O89: AC-SPM-009-06 | P89: Blocked (SETUP-03)
A90: TC-DISP-006 | B90: 10. Định dạng & nhãn hiển thị | C90: FR-SPM-009 | D90: Kiểm tra giá trị gốc có phần lẻ ,5 được làm tròn half-up ở bước hiển thị | E90: UI | F90: Boundary | G90: BVA | H90: P3 | I90: 1. Theo SETUP-01: đăng nhập U-SM12 2. Theo SETUP-03: ngày E tại ST2 có 2 đơn CO total 1 250 000 và 1 250 001 | J90: Kỳ: E – E; Store: ST2 | K90: 1. Mở menu Dashboard, vào màn hình Dashboard Doanh thu & Đơn hàng 2. Nhập Từ ngày E, Đến ngày E trên lịch chọn khoảng 3. Mở bộ chọn Store, chỉ chọn ST2 | L90: 3. Sales = 2 500 001; AOV = 1 250 001 (gốc 1 250 000.5, half-up) | M90: Candidate | N90: Not Run | P90: Blocked (SETUP-03)
A91: TC-DISP-007 | B91: 10. Định dạng & nhãn hiển thị | C91: FR-SPM-009;REQ-UI-02 | D91: Kiểm tra mọi số tiền ở thẻ, bảng, biểu đồ có nhãn Sau thuế/Trước thuế theo bộ chuyển | E91: UI | F91: Positive | G91: CL | H91: P2 | I91: 1. Theo SETUP-01: đăng nhập U-CRM 2. Theo SETUP-07: môi trường có dữ liệu ~100 store | J91: Kỳ: Tháng này | K91: 1. Mở menu Dashboard, vào màn hình Dashboard Doanh thu & Đơn hàng 2. Xem thẻ Sales, AOV, Avg Spending, tiêu đề cột Sales/AOV/Avg Spending của bảng, nhãn panel biểu đồ 3. Bấm "Trước thuế", xem lại các vị trí trên | L91: 1. Mọi vị trí số tiền ghi "Sau thuế" 2. Mọi vị trí số tiền đổi sang "Trước thuế"; không có số tiền nào thiếu nhãn | M91: Candidate | N91: Not Run | O91: AC-SPM-009-07 | P91: Ready
A92: TC-DISP-008 | B92: 10. Định dạng & nhãn hiển thị | C92: REQ-UI-02 | D92: Kiểm tra thẻ KPI tiền hiển thị số đầy đủ không viết tắt khi giá trị hàng trăm tỷ | E92: UI | F92: Positive | G92: CL | H92: P3 | I92: 1. Theo SETUP-01: đăng nhập U-CRM 2. Theo SETUP-07: môi trường có dữ liệu ~100 store | J92: Kỳ: Năm này | K92: 1. Mở menu Dashboard, vào màn hình Dashboard Doanh thu & Đơn hàng 2. Bấm "Năm này", xem số chính thẻ Sales | L92: 2. Số chính hiển thị đủ mọi chữ số (dạng 301 852 754 000), không dạng Tỷ/Tr/K | M92: Candidate | N92: Not Run | P92: Ready
A93: TC-DISP-009 | B93: 10. Định dạng & nhãn hiển thị | C93: REQ-UI-02 | D93: Kiểm tra thẻ KPI tiền có dòng phụ ghi giá trị cách nhìn thuế còn lại | E93: UI | F93: Positive | G93: CL | H93: P3 | I93: 1. Theo SETUP-01: đăng nhập U-SM12 2. Theo SETUP-02 3. Theo SETUP-08: Sales trước thuế ST1 ngày D đã tính | J93: Kỳ: D – D; Store: ST1 | K93: 1. Mở menu Dashboard, vào màn hình Dashboard Doanh thu & Đơn hàng 2. Nhập Từ ngày D, Đến ngày D trên lịch chọn khoảng 3. Mở bộ chọn Store, chỉ chọn ST1 4. Xem dòng phụ thẻ Sales ở Sau thuế 5. Bấm "Trước thuế", xem dòng phụ thẻ Sales | L93: 4. Dòng phụ ghi giá trị Trước thuế bằng giá trị tính từ SETUP-08 5. Dòng phụ ghi giá trị Sau thuế = 42 600 000 | M93: Candidate | N93: Not Run | P93: Ready
A94: TC-DISP-010 | B94: 10. Định dạng & nhãn hiển thị | C94: FR-SPM-009;REQ-UI-02 | D94: Kiểm tra đổi Sau thuế/Trước thuế không làm đổi Transactions, Frequency, Coupon %, UPT | E94: Functional | F94: Positive | G94: EP | H94: P1 | I94: 1. Theo SETUP-01: đăng nhập U-CRM 2. Theo SETUP-07: môi trường có dữ liệu ~100 store | J94: Kỳ: Tháng trước | K94: 1. Mở menu Dashboard, vào màn hình Dashboard Doanh thu & Đơn hàng 2. Bấm "Tháng trước", ghi Transactions, Total Customers, Frequency, Coupon %, UPT 3. Bấm "Trước thuế" | L94: 3. Transactions, Total Customers, Frequency, Coupon %, UPT giữ nguyên giá trị bước 2; chỉ Sales, AOV, Avg Spending thay đổi | M94: Yes | N94: Not Run | O94: AC-SPM-009-08 | P94: Ready
A95: TC-DISP-011 | B95: 10. Định dạng & nhãn hiển thị | C95: REQ-UI-02 | D95: Kiểm tra mỗi thẻ KPI có icon i hiển thị giải thích công thức | E95: UI | F95: Positive | G95: CL | H95: P3 | I95: 1. Theo SETUP-01: đăng nhập U-CRM | J95: - | K95: 1. Mở menu Dashboard, vào màn hình Dashboard Doanh thu & Đơn hàng 2. Rê chuột lần lượt vào icon i của 8 thẻ KPI | L95: 2. Cả 8 thẻ có icon i; mỗi icon hiện tooltip mô tả công thức của chỉ số (ví dụ AOV: Sales ÷ Transactions) | M95: Candidate | N95: Not Run | P95: Ready
A96: TC-DISP-012 | B96: 10. Định dạng & nhãn hiển thị | C96: FR-SPM-009 | D96: Kiểm tra nhãn giải thích bắt buộc trên thẻ Sales, Transactions, Frequency, Avg Spending | E96: UI | F96: Positive | G96: CL | H96: P3 | I96: 1. Theo SETUP-01: đăng nhập U-CRM | J96: - | K96: 1. Mở menu Dashboard, vào màn hình Dashboard Doanh thu & Đơn hàng 2. Đọc dòng mô tả và tooltip icon i của thẻ Sales, Transactions, Frequency, Avg Spending/Customer | L96: 2. Sales có nội dung "Đã trừ hàng trả hoàn tất trong kỳ" và nêu có/không gồm phí ship [Cần xác nhận Q-15] - Transactions có nội dung "Số đơn bán hoàn tất, không trừ đơn trả; gồm đơn 0đ" [Cần xác nhận Q-01] - Frequency có nội dung "Số đơn trung bình/khách mua trong kỳ, gồm khách lẻ" - Avg Spending/Customer ghi rõ đơn vị đếm là khách có mua trong kỳ, gồm khách lẻ | M96: Candidate | N96: Not Run | O96: [Cần xác nhận Q-01] [Cần xác nhận Q-15] | P96: Needs Clarification (Q-01, Q-15)
A97: TC-DISP-013 | B97: 10. Định dạng & nhãn hiển thị | C97: REQ-UI-04 | D97: Kiểm tra bố cục 2 nhóm KPI, mỗi nhóm 4 thẻ đúng tên | E97: UI | F97: Positive | G97: CL | H97: P3 | I97: 1. Theo SETUP-01: đăng nhập U-CRM | J97: - | K97: 1. Mở menu Dashboard, vào màn hình Dashboard Doanh thu & Đơn hàng | L97: 1. Nhóm Doanh thu và giao dịch: SALES, TRANSACTIONS, TOTAL CUSTOMERS, COUPON % - Nhóm Chỉ số bình quân: AOV, UPT, FREQUENCY, AVG SPENDING / CUSTOMER | M97: No | N97: Not Run | P97: Ready
A98: TC-ALERT-001 | B98: 11. Cảnh báo động | C98: REQ-UI-03 | D98: Kiểm tra cảnh báo Cross-period hiển thị khi kỳ có đơn trả của đơn bán kỳ trước | E98: Functional | F98: Positive | G98: EP | H98: P2 | I98: 1. Theo SETUP-01: đăng nhập U-SM12 2. Theo SETUP-02 (ST1 ngày D+1: R2 trả đơn O0 ngày D−1; R3 trả đơn O2 ngày D) | J98: Kỳ: D+1 – D+1; Store: ST1 | K98: 1. Mở menu Dashboard, vào màn hình Dashboard Doanh thu & Đơn hàng 2. Nhập Từ ngày D+1, Đến ngày D+1 trên lịch chọn khoảng 3. Mở bộ chọn Store, chỉ chọn ST1 | L98: 3. Hiển thị khung cảnh báo nền xanh phía trên KPI: có 2 đơn trả của đơn bán kỳ trước đã trừ vào Sales kỳ này, nêu Sales/AOV/UPT có thể thấp hoặc âm, Transactions không bị trừ | M98: Candidate | N98: Not Run | O98: Mockup image3; nội dung nguyên văn [Cần xác nhận Q-23] | P98: Needs Clarification (Q-23)
A99: TC-ALERT-002 | B99: 11. Cảnh báo động | C99: REQ-UI-03 | D99: Kiểm tra cảnh báo Cross-period biến mất khi đổi sang kỳ không có đơn trả của đơn kỳ trước | E99: Functional | F99: Negative | G99: EP | H99: P3 | I99: 1. Theo SETUP-01: đăng nhập U-SM12 2. Theo SETUP-02 (ST1 ngày D chỉ có R1 trả đơn O3 cùng ngày) | J99: Store: ST1; Kỳ 1: D+1 – D+1; Kỳ 2: D – D | K99: 1. Mở menu Dashboard, vào màn hình Dashboard Doanh thu & Đơn hàng 2. Mở bộ chọn Store, chỉ chọn ST1 3. Nhập Từ ngày D+1, Đến ngày D+1 trên lịch chọn khoảng 4. Nhập Từ ngày D, Đến ngày D trên lịch chọn khoảng | L99: 3. Có khung cảnh báo Cross-period 4. Không còn khung cảnh báo Cross-period (R1 cùng kỳ với đơn bán) [Giả định AS-07] | M99: Candidate | N99: Not Run | O99: [Giả định AS-07] | P99: Needs Clarification (AS-07)
A100: TC-ALERT-003 | B100: 11. Cảnh báo động | C100: REQ-UI-03 | D100: Kiểm tra cảnh báo đơn VAT = 0 hiển thị khi xem Trước thuế | E100: Functional | F100: Positive | G100: DT | H100: P2 | I100: 1. Theo SETUP-01: đăng nhập U-SM12 2. Theo SETUP-03: ngày E tại ST2 có 1 đơn CO tax_total 0, total 3 836 000 | J100: Kỳ: E – E; Store: ST2 | K100: 1. Mở menu Dashboard, vào màn hình Dashboard Doanh thu & Đơn hàng 2. Nhập Từ ngày E, Đến ngày E trên lịch chọn khoảng 3. Mở bộ chọn Store, chỉ chọn ST2 4. Bấm "Trước thuế" | L100: 4. Hiển thị cảnh báo có đơn VAT = 0 trong kỳ (trước thuế bằng sau thuế cho đơn đó) [Cần xác nhận Q-23] | M100: Candidate | N100: Not Run | O100: [Cần xác nhận Q-23] nội dung | P100: Blocked (SETUP-03, Q-23)
A101: TC-ALERT-004 | B101: 11. Cảnh báo động | C101: REQ-UI-03 | D101: Kiểm tra cảnh báo đơn VAT = 0 không hiển thị khi xem Sau thuế | E101: Functional | F101: Negative | G101: DT | H101: P3 | I101: 1. Theo SETUP-01: đăng nhập U-SM12 2. Theo SETUP-03: ngày E tại ST2 có 1 đơn CO tax_total 0, total 3 836 000 | J101: Kỳ: E – E; Store: ST2 | K101: 1. Mở menu Dashboard, vào màn hình Dashboard Doanh thu & Đơn hàng 2. Nhập Từ ngày E, Đến ngày E trên lịch chọn khoảng 3. Mở bộ chọn Store, chỉ chọn ST2 4. Bấm "Sau thuế" | L101: 4. Không có cảnh báo VAT = 0 | M101: Candidate | N101: Not Run | O101: PRD khối 2: cảnh báo VAT = 0 khi xem trước thuế | P101: Blocked (SETUP-03)
A102: TC-ALERT-005 | B102: 11. Cảnh báo động | C102: REQ-UI-03 | D102: Kiểm tra số đơn trả cross-period trong cảnh báo tính theo tập store đang chọn | E102: Functional | F102: Positive | G102: EP | H102: P3 | I102: 1. Theo SETUP-01: đăng nhập U-SM12 2. Theo SETUP-02 (ngày D+1: ST1 có R2, R3; ST2 có RB3 trả đơn OB1 ngày D) | J102: Kỳ: D+1 – D+1 | K102: 1. Mở menu Dashboard, vào màn hình Dashboard Doanh thu & Đơn hàng 2. Nhập Từ ngày D+1, Đến ngày D+1 trên lịch chọn khoảng 3. Mở bộ chọn Store, chỉ chọn ST1 4. Chọn lại ST1 + ST2 | L102: 3. Cảnh báo nêu 2 đơn trả của đơn bán kỳ trước 4. Cảnh báo nêu 3 đơn trả của đơn bán kỳ trước [Cần xác nhận Q-23] | M102: Candidate | N102: Not Run | O102: IX-31; [Cần xác nhận Q-23] nội dung | P102: Needs Clarification (Q-23)
A103: TC-CHART-001 | B103: 12. Biểu đồ Sales theo thời gian | C103: FR-SPM-010 | D103: Kiểm tra Tháng này: tự chọn Ngày, cột hôm nay sọc chéo viền nét đứt, nhãn Tự chọn theo độ dài kỳ | E103: Functional | F103: Positive | G103: ST | H103: P2 | I103: 1. Theo SETUP-01: đăng nhập U-CRM 2. Theo SETUP-07: môi trường có dữ liệu ~100 store 3. Hôm nay không phải ngày 01 | J103: Kỳ: Tháng này | K103: 1. Mở menu Dashboard, vào màn hình Dashboard Doanh thu & Đơn hàng 2. Bấm "Tháng này" 3. Quan sát biểu đồ Sales theo thời gian | L103: 3. Nút Ngày active; nhãn "Tự chọn theo độ dài kỳ"; số cột = số ngày từ 01 đến hôm nay - Cột hôm nay sọc chéo + viền nét đứt; các cột trước đặc (Đủ kỳ); nút Tháng bị khoá | M103: Candidate | N103: Not Run | O103: AC-SPM-010-01 | P103: Ready
A104: TC-CHART-002 | B104: 12. Biểu đồ Sales theo thời gian | C104: FR-SPM-010 | D104: Kiểm tra kỳ 01/09–30/09/2026 đơn vị Ngày: 30 cột Đủ kỳ, nền xám Thứ Bảy/Chủ Nhật, nhãn dd/mm | E104: Functional | F104: Positive | G104: DT | H104: P2 | I104: 1. Theo SETUP-01: đăng nhập U-CRM 2. Theo SETUP-07: môi trường có dữ liệu ~100 store | J104: Kỳ: 01/09/2026 – 30/09/2026 | K104: 1. Mở menu Dashboard, vào màn hình Dashboard Doanh thu & Đơn hàng 2. Nhập Từ ngày 01/09/2026, Đến ngày 30/09/2026 trên lịch chọn khoảng | L104: 2. Tự chọn Ngày, 30 cột 01/09…30/09, tất cả cột đặc (không cột Chưa kết thúc, không cột xám Bị cắt) - Dải xám nhạt sau các cột 05–06, 12–13, 19–20, 26–27/09; nhãn trục X dạng dd/mm - Ngày và Tuần bấm được; Tháng bị khoá | M104: Candidate | N104: Not Run | O104: Ví dụ nguồn: Tháng trước 01/09–30/09 | P104: Ready
A105: TC-CHART-003 | B105: 12. Biểu đồ Sales theo thời gian | C105: FR-SPM-010 | D105: Kiểm tra kỳ 01/09–30/09/2026 bấm Tuần: 5 cột, tuần đầu và tuần cuối xám Bị cắt | E105: Functional | F105: Positive | G105: DT | H105: P2 | I105: 1. Theo SETUP-01: đăng nhập U-CRM 2. Theo SETUP-07: môi trường có dữ liệu ~100 store | J105: Kỳ: 01/09/2026 – 30/09/2026 | K105: 1. Mở menu Dashboard, vào màn hình Dashboard Doanh thu & Đơn hàng 2. Nhập Từ ngày 01/09/2026, Đến ngày 30/09/2026 trên lịch chọn khoảng 3. Bấm nút Tuần | L105: 3. 5 cột: 31/08–06/09 xám, 07/09–13/09, 14/09–20/09, 21/09–27/09 đặc, 28/09–04/10 xám - Nhãn trục dạng dd/mm–dd/mm; không có dải nền Thứ Bảy/Chủ Nhật - Nút Tuần active; nhãn "Đã chọn tay" | M105: Candidate | N105: Not Run | O105: Bucket Tuần Thứ Hai–Chủ Nhật | P105: Ready
A106: TC-CHART-004 | B106: 12. Biểu đồ Sales theo thời gian | C106: FR-SPM-010 | D106: Kiểm tra kỳ 11/10–12/10/2026 (CN–T2) đơn vị Tuần: 2 cột đều xám, không có cột Chưa kết thúc | E106: Functional | F106: Edge | G106: DT | H106: P2 | I106: 1. Theo SETUP-01: đăng nhập U-CRM 2. Theo SETUP-07: môi trường có dữ liệu ~100 store 3. Hôm nay ≥ 13/10/2026 | J106: Kỳ: 11/10/2026 – 12/10/2026 | K106: 1. Mở menu Dashboard, vào màn hình Dashboard Doanh thu & Đơn hàng 2. Nhập Từ ngày 11/10/2026, Đến ngày 12/10/2026 trên lịch chọn khoảng 3. Bấm nút Tuần | L106: 2. Tự chọn Ngày, 2 cột đặc; Tuần bấm được (kỳ chạm 2 tuần lịch) 3. 2 cột 05/10–11/10 và 12/10–18/10 đều xám Bị cắt; không cột sọc chéo dù tuần 12/10–18/10 có thể chứa hôm nay [Giả định AS-03] | M106: Candidate | N106: Not Run | O106: [Giả định AS-03] Ví dụ nguồn 11/10–12/10 | P106: Needs Clarification (AS-03)
A107: TC-CHART-005 | B107: 12. Biểu đồ Sales theo thời gian | C107: FR-SPM-010 | D107: Kiểm tra kỳ 74 ngày kết thúc hôm nay: tự chọn Tuần, tuần cuối sọc, tuần đầu xám, Ngày bị khoá | E107: Functional | F107: Edge | G107: DT | H107: P2 | I107: 1. Theo SETUP-01: đăng nhập U-CRM 2. Theo SETUP-07: môi trường có dữ liệu ~100 store 3. Ngày bắt đầu (hôm nay − 73 ngày) không phải Thứ Hai, hôm nay không phải Chủ Nhật | J107: Từ ngày: hôm nay − 73; Đến ngày: hôm nay | K107: 1. Mở menu Dashboard, vào màn hình Dashboard Doanh thu & Đơn hàng 2. Nhập Từ ngày hôm nay − 73 ngày, Đến ngày hôm nay trên lịch chọn khoảng | L107: 2. Nút Tuần active, nhãn "Tự chọn theo độ dài kỳ"; nhãn trục chỉ dd/mm của Thứ Hai (> 10 cột) - Cột tuần đầu xám (Bị cắt); cột tuần chứa hôm nay sọc chéo (vừa bị cắt vừa chưa kết thúc → Chưa kết thúc); các tuần giữa đặc - Nút Ngày bị khoá (74 > 62 ngày) [Giả định AS-02] | M107: Candidate | N107: Not Run | O107: [Giả định AS-02] AC-SPM-010-02 | P107: Needs Clarification (AS-02)
A108: TC-CHART-006 | B108: 12. Biểu đồ Sales theo thời gian | C108: FR-SPM-010 | D108: Kiểm tra Năm này: tự chọn Tháng, cột tháng hiện tại sọc, Ngày bị khoá | E108: Functional | F108: Positive | G108: ST | H108: P2 | I108: 1. Theo SETUP-01: đăng nhập U-CRM 2. Theo SETUP-07: môi trường có dữ liệu ~100 store | J108: Kỳ: Năm này | K108: 1. Mở menu Dashboard, vào màn hình Dashboard Doanh thu & Đơn hàng 2. Bấm "Năm này" | L108: 2. Nút Tháng active; số cột = số tháng từ T1 đến tháng hiện tại, nhãn Tn (không /yy) - Cột tháng hiện tại sọc chéo; Ngày bị khoá kèm tooltip "Không khả dụng với kỳ đang chọn" | M108: Candidate | N108: Not Run | O108: AC-SPM-010-03 | P108: Ready
A109: TC-CHART-007 | B109: 12. Biểu đồ Sales theo thời gian | C109: FR-SPM-010 | D109: Kiểm tra kỳ Hôm nay không vẽ biểu đồ, hiện thông báo và khoá cả 3 đơn vị | E109: Functional | F109: Boundary | G109: BVA | H109: P2 | I109: 1. Theo SETUP-01: đăng nhập U-CRM | J109: Kỳ: Hôm nay (1 ngày) | K109: 1. Mở menu Dashboard, vào màn hình Dashboard Doanh thu & Đơn hàng 2. Bấm "Hôm nay" | L109: 2. Không vẽ cột; hiện khung thông báo "Kỳ 1 ngày chưa đủ để vẽ biểu đồ theo thời gian. Chọn kỳ từ 2 ngày trở lên (Tuần này, Tháng này...) để xem xu hướng." - Nút Ngày, Tuần, Tháng đều bị khoá | M109: Candidate | N109: Not Run | O109: AC-SPM-010-05 | P109: Ready
A110: TC-CHART-008 | B110: 12. Biểu đồ Sales theo thời gian | C110: FR-SPM-010 | D110: Kiểm tra đã chọn tay Ngày ở kỳ 30 ngày rồi đổi sang Năm này thì tự quay về Tháng | E110: Functional | F110: Positive | G110: ST | H110: P2 | I110: 1. Theo SETUP-01: đăng nhập U-CRM 2. Theo SETUP-07: môi trường có dữ liệu ~100 store | J110: Kỳ 1: 01/09/2026 – 30/09/2026; Kỳ 2: Năm này | K110: 1. Mở menu Dashboard, vào màn hình Dashboard Doanh thu & Đơn hàng 2. Nhập Từ ngày 01/09/2026, Đến ngày 30/09/2026 trên lịch chọn khoảng 3. Bấm nút Ngày 4. Bấm "Năm này" | L110: 3. Nhãn "Đã chọn tay" 4. Đơn vị chuyển sang Tháng; nhãn "Tự chọn theo độ dài kỳ"; Ngày bị khoá | M110: Candidate | N110: Not Run | O110: AC-SPM-010-06 | P110: Ready
A111: TC-CHART-009 | B111: 12. Biểu đồ Sales theo thời gian | C111: FR-SPM-010 | D111: Kiểm tra đã chọn tay Tuần rồi đổi kỳ mà Tuần vẫn khả dụng thì giữ Tuần | E111: Functional | F111: Positive | G111: ST | H111: P2 | I111: 1. Theo SETUP-01: đăng nhập U-CRM 2. Theo SETUP-07: môi trường có dữ liệu ~100 store | J111: Kỳ 1: 01/09/2026 – 30/09/2026; Kỳ 2: 01/07/2026 – 31/08/2026 | K111: 1. Mở menu Dashboard, vào màn hình Dashboard Doanh thu & Đơn hàng 2. Nhập Từ ngày 01/09/2026, Đến ngày 30/09/2026 trên lịch chọn khoảng 3. Bấm nút Tuần 4. Nhập Từ ngày 01/07/2026, Đến ngày 31/08/2026 trên lịch chọn khoảng | L111: 4. Vẫn vẽ theo Tuần (10 cột), nút Tuần active, nhãn "Đã chọn tay" | M111: Candidate | N111: Not Run | P111: Ready
...

Sheet Summary
A1: Tổng hợp — DASHBOARD-DOANH-THU
A3: Status | B3: Số lượng
A4: Blocked | B4: =COUNTIF('Test Cases'!N2:N733,"Blocked") -> 0
A5: Fail | B5: =COUNTIF('Test Cases'!N2:N733,"Fail") -> 0
A6: Not Run | B6: =COUNTIF('Test Cases'!N2:N733,"Not Run") -> 232
A7: Obsolete | B7: =COUNTIF('Test Cases'!N2:N733,"Obsolete") -> 0
A8: Pass | B8: =COUNTIF('Test Cases'!N2:N733,"Pass") -> 0
A9: Skipped | B9: =COUNTIF('Test Cases'!N2:N733,"Skipped") -> 0
A11: Design_Status | B11: Số lượng
A12: Ready | B12: =COUNTIF('Test Cases'!P2:P733,"Ready") -> 134
A13: Needs Clarification | B13: =COUNTIF('Test Cases'!P2:P733,"Needs Clarification*") -> 39
A14: Blocked | B14: =COUNTIF('Test Cases'!P2:P733,"Blocked*") -> 59
A15: Obsolete | B15: =COUNTIF('Test Cases'!P2:P733,"Obsolete") -> 0
A17: Priority | B17: Số lượng
A18: P1 | B18: =COUNTIF('Test Cases'!H2:H733,"P1") -> 56
A19: P2 | B19: =COUNTIF('Test Cases'!H2:H733,"P2") -> 91
A20: P3 | B20: =COUNTIF('Test Cases'!H2:H733,"P3") -> 71
A21: P4 | B21: =COUNTIF('Test Cases'!H2:H733,"P4") -> 14
A23: Scenario | B23: Số lượng
A24: Boundary | B24: =COUNTIF('Test Cases'!F2:F733,"Boundary") -> 39
A25: Edge | B25: =COUNTIF('Test Cases'!F2:F733,"Edge") -> 49
A26: Negative | B26: =COUNTIF('Test Cases'!F2:F733,"Negative") -> 24
A27: Positive | B27: =COUNTIF('Test Cases'!F2:F733,"Positive") -> 120
A29: Test_Type | B29: Số lượng
A30: Accessibility | B30: =COUNTIF('Test Cases'!E2:E733,"Accessibility") -> 3
A31: Compatibility | B31: =COUNTIF('Test Cases'!E2:E733,"Compatibility") -> 2
A32: Functional | B32: =COUNTIF('Test Cases'!E2:E733,"Functional") -> 156
A33: Integration | B33: =COUNTIF('Test Cases'!E2:E733,"Integration") -> 13
A34: Performance | B34: =COUNTIF('Test Cases'!E2:E733,"Performance") -> 3
A35: Security | B35: =COUNTIF('Test Cases'!E2:E733,"Security") -> 10
A36: UI | B36: =COUNTIF('Test Cases'!E2:E733,"UI") -> 39
A37: Usability | B37: =COUNTIF('Test Cases'!E2:E733,"Usability") -> 1
A38: Validation | B38: =COUNTIF('Test Cases'!E2:E733,"Validation") -> 5
A40: Module | B40: Số lượng
A41: 01. Bộ lọc kỳ & thuế | B41: =COUNTIF('Test Cases'!B2:B733,"01. Bộ lọc kỳ & thuế") -> 12
A42: 02. Phạm vi dữ liệu & phân quyền | B42: =COUNTIF('Test Cases'!B2:B733,"02. Phạm vi dữ liệu & phân quyền") -> 23
A43: 03. Sales (số đo nền) | B43: =COUNTIF('Test Cases'!B2:B733,"03. Sales (số đo nền)") -> 17
A44: 04. Transactions | B44: =COUNTIF('Test Cases'!B2:B733,"04. Transactions") -> 4
A45: 05. Frequency | B45: =COUNTIF('Test Cases'!B2:B733,"05. Frequency") -> 5
A46: 06. Coupon % | B46: =COUNTIF('Test Cases'!B2:B733,"06. Coupon %") -> 3
A47: 07. AOV | B47: =COUNTIF('Test Cases'!B2:B733,"07. AOV") -> 7
A48: 08. UPT | B48: =COUNTIF('Test Cases'!B2:B733,"08. UPT") -> 5
A49: 09. Avg Spending/Customer | B49: =COUNTIF('Test Cases'!B2:B733,"09. Avg Spending/Customer") -> 7
A50: 10. Định dạng & nhãn hiển thị | B50: =COUNTIF('Test Cases'!B2:B733,"10. Định dạng & nhãn hiển thị") -> 13
A51: 11. Cảnh báo động | B51: =COUNTIF('Test Cases'!B2:B733,"11. Cảnh báo động") -> 5
A52: 12. Biểu đồ Sales theo thời gian | B52: =COUNTIF('Test Cases'!B2:B733,"12. Biểu đồ Sales theo thời gian") -> 51
A53: 13. Bộ chọn Store & lọc Client Advisor | B53: =COUNTIF('Test Cases'!B2:B733,"13. Bộ chọn Store & lọc Client Advisor") -> 12
A54: 14. Xếp hạng Top/Bottom | B54: =COUNTIF('Test Cases'!B2:B733,"14. Xếp hạng Top/Bottom") -> 6
A55: 15. Bảng breakdown | B55: =COUNTIF('Test Cases'!B2:B733,"15. Bảng breakdown") -> 18
A56: 16. Incentive nhân viên | B56: =COUNTIF('Test Cases'!B2:B733,"16. Incentive nhân viên") -> 32
A57: 17. Migrate dữ liệu Incentive | B57: =COUNTIF('Test Cases'!B2:B733,"17. Migrate dữ liệu Incentive") -> 3
A58: 18. Phi chức năng | B58: =COUNTIF('Test Cases'!B2:B733,"18. Phi chức năng") -> 9
A60: Tổng | B60: =COUNTA('Test Cases'!A2:A733) -> 232

Sheet RTM
A1: Req_ID | B1: Mô tả | C1: Số TC | D1: Test cases | E1: Trạng thái
A2: FR-INC-001 | B2: Xác định sản phẩm & Brand từng dòng trên bill | C2: 2 | D2: TC-INC-001, TC-INC-032 | E2: Covered
A3: FR-INC-002 | B3: Discount Threshold Gate theo từng dòng (BR-INC-001) | C3: 8 | D3: TC-INC-002, TC-INC-003, TC-INC-004, TC-INC-005, TC-INC-006, TC-INC-007, TC-INC-008, TC-INC-009 | E3: Covered
A4: FR-INC-003 | B4: Khách có PIC hay không; B2B; chia đều khi không có PIC (BR-INC-002) | C4: 7 | D4: TC-INC-010, TC-INC-011, TC-INC-012, TC-INC-013, TC-INC-014, TC-INC-015, TC-INC-031 | E4: Covered
A5: FR-INC-004 | B5: Tỷ lệ chia theo Brand Config: PIC / Other CA (BR-INC-003, 004) | C5: 12 | D5: TC-INC-015, TC-INC-016, TC-INC-017, TC-INC-018, TC-INC-019, TC-INC-020, TC-INC-021, TC-INC-022, TC-INC-023, TC-INC-024, TC-INC-025, TC-INC-032 | E5: Covered
A6: FR-INC-005 | B6: Tổng hợp Incentive theo nhân viên theo kỳ (BR-INC-005) | C6: 6 | D6: TC-INC-009, TC-INC-012, TC-INC-026, TC-INC-027, TC-INC-028, TC-INC-029 | E6: Covered
A7: FR-SPM-001 | B7: Phạm vi dữ liệu theo Position Rule, kỳ lọc, tập đơn sale_in_scope / return_in_scope (BR-SPM-001, 002) | C7: 23 | D7: TC-SCOPE-001, TC-SCOPE-002, TC-SCOPE-003, TC-SCOPE-004, TC-SCOPE-005, TC-SCOPE-006, TC-SCOPE-007, TC-SCOPE-008, TC-SCOPE-009, TC-SCOPE-010, TC-SCOPE-011, TC-SCOPE-012, TC-SCOPE-013, TC-SCOPE-014, TC-SCOPE-015, TC-SCOPE-016, TC-SCOPE-018, TC-SCOPE-020, TC-SCOPE-021, TC-SCOPE-022, TC-SCOPE-023, TC-SALES-003, TC-TABLE-016 | E7: Covered
A8: FR-SPM-002 | B8: Sales sau thuế / trước thuế (BR-SPM-003, 004, 014) | C8: 17 | D8: TC-SALES-001, TC-SALES-002, TC-SALES-003, TC-SALES-004, TC-SALES-005, TC-SALES-006, TC-SALES-007, TC-SALES-008, TC-SALES-009, TC-SALES-010, TC-SALES-011, TC-SALES-012, TC-SALES-013, TC-SALES-014, TC-SALES-015, TC-SALES-016, TC-SALES-017 | E8: Covered
A9: FR-SPM-003 | B9: Transactions (REQ-BSP-03; BR-SPM-005, 006) | C9: 6 | D9: TC-SCOPE-007, TC-TRX-001, TC-TRX-002, TC-TRX-003, TC-TRX-004, TC-DISP-001 | E9: Covered
A10: FR-SPM-004 | B10: Frequency (REQ-BSP-04; BR-SPM-012) | C10: 6 | D10: TC-FREQ-001, TC-FREQ-002, TC-FREQ-003, TC-FREQ-004, TC-FREQ-005, TC-DISP-001 | E10: Covered
A11: FR-SPM-005 | B11: Coupon % (REQ-BSP-05; BR-SPM-008, 008a) | C11: 4 | D11: TC-CPN-001, TC-CPN-002, TC-CPN-003, TC-DISP-001 | E11: Covered
A12: FR-SPM-006 | B12: AOV sau thuế / trước thuế (REQ-BSP-06; BR-SPM-009, 010) | C12: 7 | D12: TC-AOV-001, TC-AOV-002, TC-AOV-003, TC-AOV-004, TC-AOV-005, TC-AOV-006, TC-AOV-007 | E12: Covered
A13: FR-SPM-007 | B13: UPT (REQ-BSP-07; BR-SPM-011) | C13: 6 | D13: TC-UPT-001, TC-UPT-002, TC-UPT-003, TC-UPT-004, TC-UPT-005, TC-DISP-001 | E13: Covered
... A17: FR-SPM-011 | B17: Hiển thị quy mô ~100 store: bộ chọn store, lọc Client Advisor, xếp hạng Top/Bottom, bảng breakdown (BR-SPM-020…023) | C17: 39 | D17: TC-SCOPE-015, TC-SCOPE-017, TC-SCOPE-021, TC-CHART-049, TC-STORE-001, TC-STORE-002, TC-STORE-003, TC-STORE-004, TC-STORE-005, TC-STORE-006, TC-STORE-007, TC-STORE-008, TC-STORE-009, TC-STORE-010, TC-STORE-011, TC-STORE-012, TC-RANK-001, TC-RANK-002, TC-RANK-003, TC-RANK-004, TC-RANK-005, TC-RANK-006, TC-TABLE-001, TC-TABLE-002, TC-TABLE-003, TC-TABLE-004, TC-TABLE-005, TC-TABLE-006, TC-TABLE-007, TC-TABLE-008, TC-TABLE-009, TC-TABLE-010, TC-TABLE-011, TC-TABLE-013, TC-TABLE-014, TC-TABLE-015, TC-TABLE-016, TC-TABLE-017, TC-TABLE-018 | E17: Covered
A18: NFR-INC-001 | B18: Điều chỉnh Incentive khi bill bị huỷ/hoàn trả | C18: 0 | E18: N/A
A19: NFR-INC-002 | B19: Incentive truy vết được về đúng bill/dòng gốc từ HUB | C19: 1 | D19: TC-INC-030 | E19: Covered
A20: NFR-SPM-006 | B20: Chọn store, tìm kiếm, sắp xếp, phân trang, đổi thuế phản hồi dưới 400ms | C20: 3 | D20: TC-NFR-001, TC-NFR-002, TC-NFR-003 | E20: Covered
A21: REQ-MIG-01 | B21: Định dạng JSONL migrate dữ liệu hoa hồng: bỏ qua đơn trả, bung salerep_ids, giá trị theo dòng đơn | C21: 3 | D21: TC-MIG-001, TC-MIG-002, TC-MIG-003 | E21: Covered
A22: REQ-UI-01 | B22: Bộ lọc Kỳ xem (5 preset) + Từ ngày – Đến ngày (lịch chọn khoảng, tối đa 366 ngày, báo lỗi giữ kỳ cũ) | C22: 10 | D22: TC-FLT-001, TC-FLT-002, TC-FLT-003, TC-FLT-004, TC-FLT-005, TC-FLT-006, TC-FLT-007, TC-FLT-008, TC-FLT-009, TC-FLT-010 | E22: Covered
A23: REQ-UI-02 | B23: Bộ chuyển Giá trị tiền Sau thuế/Trước thuế; thẻ KPI tiền có nhãn thuế, số đầy đủ, dòng phụ số còn lại, icon i | C23: 7 | D23: TC-FLT-001, TC-FLT-011, TC-DISP-007, TC-DISP-008, TC-DISP-009, TC-DISP-010, TC-DISP-011 | E23: Covered
A24: REQ-UI-03 | B24: Cảnh báo động: đơn trả cross-period; đơn VAT = 0 khi xem trước thuế | C24: 5 | D24: TC-ALERT-001, TC-ALERT-002, TC-ALERT-003, TC-ALERT-004, TC-ALERT-005 | E24: Covered
A25: REQ-UI-04 | B25: Hai nhóm thẻ KPI: Doanh thu và giao dịch (4 thẻ), Chỉ số bình quân (4 thẻ) | C25: 1 | D25: TC-DISP-013 | E25: Covered
A26: REQ-UI-05 | B26: Vai trò Cá nhân: chỉ biểu đồ thời gian, không xếp hạng; bảng thay bằng thẻ giải thích | C26: 1 | D26: TC-SCOPE-017 | E26: Covered
A27: REQ-UI-06 | B27: Hover state, focus ring, tooltip hiện cả khi focus bàn phím | C27: 3 | D27: TC-NFR-006, TC-NFR-007, TC-NFR-008 | E27: Covered
A28: REQ-UI-07 | B28: Breakpoint ≥1280px; 768–1279px thu sidebar về icon, KPI 2 cột, biểu đồ 1 cột | C28: 2 | D28: TC-NFR-004, TC-NFR-005 | E28: Covered

Sheet Conditions
A1: Cond_ID | B1: Req_ID | C1: Điều kiện kiểm thử | D1: Kỹ thuật | E1: Test cases | F1: Trạng thái
A2: CO-01 | B2: REQ-UI-01; REQ-UI-02 | C2: Khối bộ lọc có đủ 5 preset, Từ ngày – Đến ngày, Store, Client Advisor, Giá trị tiền | D2: CL | E2: TC-FLT-001 | F2: Covered
A3: CO-02 | B3: REQ-UI-01 | C3: Preset Hôm nay → kỳ 1 ngày là hôm nay | D3: EP | E3: TC-FLT-002 | F3: Covered
A4: CO-03 | B4: REQ-UI-01 | C4: Preset Tuần này → Thứ Hai tuần hiện tại đến hôm nay | D4: EP | E4: TC-FLT-003 | F4: Covered
A5: CO-04 | B5: REQ-UI-01 | C5: Preset Tháng này → ngày 01 đến hôm nay | D5: EP | E5: TC-FLT-004 | F5: Covered
A6: CO-05 | B6: REQ-UI-01 | C6: Preset Tháng trước → trọn tháng dương lịch trước | D6: EP | E6: TC-FLT-005 | F6: Covered
A7: CO-06 | B7: REQ-UI-01 | C7: Preset Năm này → 01/01 đến hôm nay | D7: EP | E7: TC-FLT-006 | F7: Covered
A8: CO-07 | B8: REQ-UI-01 | C8: Chọn khoảng Từ ngày – Đến ngày hợp lệ → mọi khối tính theo kỳ mới | D8: EP | E8: TC-FLT-007 | F8: Covered
A9: CO-08 | B9: REQ-UI-01 | C9: Khoảng 366 ngày (biên trên) được chấp nhận | D9: BVA | E9: TC-FLT-008 | F9: Covered
A10: CO-09 | B10: REQ-UI-01 | C10: Khoảng 367 ngày bị chặn: báo lỗi, giữ kỳ cũ | D10: BVA | E10: TC-FLT-009 | F10: Covered
A11: CO-10 | B11: REQ-UI-01 | C11: Kỳ mặc định khi mở dashboard | D11: EP | E11: TC-FLT-010 | F11: Covered
A12: CO-11 | B12: REQ-UI-02 | C12: Cách nhìn thuế mặc định khi mở dashboard | D12: EP | E12: TC-FLT-011 | F12: Covered
... A145: CO-144 | B145: FR-SPM-010; FR-SPM-011 | C145: Biểu đồ theo Store/Client Advisor đang lọc | D145: EP | E145: TC-CHART-049 | F145: Covered
A146: CO-145 | B146: FR-SPM-010 | C146: Bấm vào đơn vị đang được tự chọn | D146: ST | F146: Pending
A147: CO-146 | B147: FR-SPM-010 | C147: Kỳ chạm 14 tháng lịch | D147: BVA | F147: N/A
A148: CO-147 | B148: FR-SPM-011 | C148: CRM: mặc định Toàn Tam Sơn · N store; lọc CA bị khoá | D148: EP | E148: TC-STORE-001 | F148: Covered
A149: CO-148 | B149: FR-SPM-011 | C149: Retail Manager Hermès: mặc định chỉ store Hermès, không thêm được store ngoài | D149: PERM | E149: TC-STORE-002 | F149: Covered
A150: CO-149 | B150: FR-SPM-011 | C150: Chip Brand Hermès → chỉ store Hermès được chọn, nhãn nút | D150: EP | E150: TC-STORE-003 | F150: Covered
A151: CO-150 | B151: FR-SPM-011 | C151: Tìm store theo tên và theo Brand | D151: EP | E151: TC-STORE-004 | F151: Covered
A152: CO-151 | B152: FR-SPM-011 | C152: Không bỏ được store cuối cùng | D152: BVA | E152: TC-STORE-005 | F152: Covered
A153: CO-152 | B153: FR-SPM-011 | C153: Chọn 1 store → nhãn là tên store | D153: EP | E153: TC-STORE-005 | F153: Covered
A154: CO-153 | B154: FR-SPM-011 | C154: Chọn 3 store → nhãn 3 store đã chọn | D154: EP | E154: TC-STORE-006 | F154: Covered
A155: CO-154 | B155: FR-SPM-011 | C155: Nút chọn tất cả và bộ đếm đã chọn / tổng | D155: CL | E155: TC-STORE-007 | F155: Covered
A156: CO-155 | B156: FR-SPM-011 | C156: Thu hẹp ST1 + ST2 → ST1: KPI, biểu đồ, bảng tính lại | D156: EP | E156: TC-STORE-008 | F156: Covered
A157: CO-156 | B157: FR-SPM-011 | C157: 6 store → lọc CA khoá + gợi ý | D157: BVA | E157: TC-STORE-009 | F157: Covered
A158: CO-157 | B158: FR-SPM-011 | C158: 5 store → lọc CA mở, liệt kê CA kèm tên store | D158: BVA | E158: TC-STORE-010 | F158: Covered
A159: CO-158 | B159: FR-SPM-011 | C159: Chọn CA-A → số liệu chỉ bill CA-A đứng tên | D159: EP | E159: TC-STORE-011 | F159: Covered
A160: CO-159 | B160: FR-SPM-011 | C160: Đang lọc CA rồi chọn thêm store vượt 5 | D160: ST | F160: Pending
A161: CO-160 | B161: FR-SPM-011 | C161: Top 10: hạng 1–10 giảm dần theo Sales, có Brand | D161: EP | E161: TC-RANK-001 | F161: Covered
A162: CO-161 | B162: FR-SPM-011 | C162: Bottom 10: hạng thực N…N−9 tăng dần từ thấp | D162: EP | E162: TC-RANK-002 | F162: Covered
A163: CO-162 | B163: FR-SPM-011 | C163: Xếp hạng theo cách nhìn thuế đang chọn | D163: EP | E163: TC-RANK-003 | F163: Covered
A164: CO-163 | B164: FR-SPM-011 | C164: Store không phát sinh trong kỳ không được xếp hạng | D164: EP | E164: TC-RANK-004 | F164: Covered
A165: CO-164 | B165: FR-SPM-011 | C165: Store Sales âm (chỉ đơn trả) vẫn được xếp hạng ở cuối | D165: EG | E165: TC-RANK-005 | F165: Covered
A166: CO-165 | B166: FR-SPM-011 | C166: 1 store → xếp hạng Client Advisor | D166: EP | E166: TC-RANK-006 | F166: Covered
A167: CO-166 | B167: FR-SPM-011 | C167: Hai store cùng Sales: thứ tự hạng | D167: EG | F167: Pending
A168: CO-167 | B168: FR-SPM-011 | C168: CRM: tab Theo Store mặc định, trang 1, 15 dòng, từ–đến / tổng | D168: EP | E168: TC-TABLE-001 | F168: Covered
A169: CO-168 | B169: FR-SPM-011 | C169: Đổi 30, 50 dòng/trang | D169: EP | E169: TC-TABLE-002 | F169: Covered
A170: CO-169 | B170: FR-SPM-011 | C170: Trang cuối hiển thị phần còn lại | D170: BVA | E170: TC-TABLE-003 | F170: Covered
A171: CO-170 | B171: FR-SPM-011 | C171: Tìm kiếm: cột # giữ hạng thực | D171: EP | E171: TC-TABLE-004 | F171: Covered
A172: CO-171 | B172: FR-SPM-011 | C172: Tìm kiếm + đổi trang: dòng Tổng không đổi | D172: EP | E172: TC-TABLE-005 | F172: Covered
A173: CO-172 | B173: FR-SPM-011 | C173: Σ Sales, Σ Transactions = Tổng; Σ Total Customers ≥ Tổng | D173: EP | E173: TC-TABLE-006 | F173: Covered
A174: CO-173 | B174: FR-SPM-011 | C174: Sắp xếp theo cột: thứ tự và cột # theo thứ tự sắp xếp | D174: EP | E174: TC-TABLE-007 | F174: Covered
A175: CO-174 | B175: FR-SPM-011 | C175: 1 store → không có tab Theo Store | D175: EP | E175: TC-TABLE-008 | F175: Covered
A176: CO-175 | B176: FR-SPM-011 | C176: Phạm vi 1 Brand → không có tab Theo Brand | D176: EP | E176: TC-TABLE-009 | F176: Covered
A177: CO-176 | B177: FR-SPM-011 | C177: Phạm vi 2 Brand → tab Theo Brand 2 dòng | D177: EP | E177: TC-TABLE-010 | F177: Covered
A178: CO-177 | B178: FR-SPM-011; FR-SPM-009 | C178: Tab Theo Client Advisor: Σ dòng > Tổng, ghi chú | D178: EP | E178: TC-TABLE-011 | F178: Covered
A179: CO-178 | B179: FR-SPM-009 | C179: Bảng store cấp gộp có ghi chú không cộng dồn Avg/Frequency | D179: CL | E179: TC-TABLE-012 | F179: Covered
... A182: CO-181 | B182: FR-SPM-011 | C182: Thanh dữ liệu nền cột Sales | D182: CL | E182: TC-TABLE-015 | F182: Covered
A183: CO-182 | B183: FR-SPM-011 | C183: Đổi số dòng/trang khi đang ở trang > 1 thì về trang nào | D183: EG | F183: N/A
A184: CO-183 | B184: FR-INC-001 | C184: Bill 2 dòng Hanoia + Hermès: mỗi dòng chia theo Brand của dòng | D184: DT | E184: TC-INC-001 | F184: Covered
A185: CO-184 | B185: FR-INC-002 | C185: Discount 20% < Threshold 100% → đủ điều kiện | D185: EP | E185: TC-INC-002 | F185: Covered
A186: CO-185 | B186: FR-INC-002 | C186: Discount 100% = Threshold 100% → bị loại | D186: BVA | E186: TC-INC-003 | F186: Covered
A187: CO-186 | B187: FR-INC-002 | C187: Threshold 30%, Discount 29.99% → đủ điều kiện | D187: BVA | E187: TC-INC-004 | F187: Covered
A188: CO-187 | B188: FR-INC-002 | C188: Threshold 30%, Discount 30.00% → bị loại | D188: BVA | E188: TC-INC-005 | F188: Covered
A189: CO-188 | B189: FR-INC-002 | C189: 2 dòng cùng Brand X: 15% tính, 40% loại | D189: DT | E189: TC-INC-006 | F189: Covered
A190: CO-189 | B190: FR-INC-002 | C190: 2 dòng khác Brand: A tính, B loại | D190: DT | E190: TC-INC-007 | F190: Covered
A191: CO-190 | B191: FR-INC-002 | C191: Hạ Threshold Brand X không đổi ngưỡng Brand khác | D191: EG | E191: TC-INC-008 | F191: Covered
A192: CO-191 | B192: FR-INC-002; FR-INC-005 | C192: Mọi dòng bị loại → bill không đóng góp Incentive | D192: DT | E192: TC-INC-009 | F192: Covered
A193: CO-192 | B193: FR-INC-003 | C193: Không PIC, 2 CA, dòng đủ điều kiện 10 000 000 → mỗi CA 5 000 000 | D193: DT | E193: TC-INC-010 | F193: Covered
A194: CO-193 | B194: FR-INC-003 | C194: Không PIC, 3 nhân viên → chia đều 1/3 | D194: DT | E194: TC-INC-011 | F194: Covered
A195: CO-194 | B195: FR-INC-003; FR-INC-005 | C195: Khách B2B → Incentive N/A, không cộng vào ai | D195: DT | E195: TC-INC-012 | F195: Covered
... A213: CO-212 | B213: NFR-INC-002 | C213: Incentive truy vết về bill/dòng gốc | D213: EP | E213: TC-INC-030 | F213: Covered
A214: CO-213 | B214: NFR-INC-001 | C214: Bill đã tính Incentive bị hoàn trả | D214: ST | F214: Pending
A215: CO-214 | B215: FR-INC-003; FR-INC-004 | C215: Bill 0 nhân viên / PIC vắng không Other CA | D215: DT | F215: Pending
A216: CO-215 | B216: FR-INC-004 | C216: Tổ hợp cấu hình Brand ngoài AC | D216: DT | F216: Pending
A217: CO-216 | B217: REQ-MIG-01 | C217: Record m_rma_id khác null bị bỏ qua | D217: EP | E217: TC-MIG-001 | F217: Covered
A218: CO-217 | B218: REQ-MIG-01 | C218: salerep_ids 2 phần tử → 2 bản ghi hoa hồng | D218: EP | E218: TC-MIG-002 | F218: Covered
A219: CO-218 | B219: REQ-MIG-01 | C219: Giá trị lưu theo dòng đơn, không phải tổng đơn | D219: EP | E219: TC-MIG-003 | F219: Covered
A220: CO-219 | B220: REQ-MIG-01 | C220: Record vi phạm quy tắc | D220: EP | F220: Pending
A221: CO-220 | B221: NFR-SPM-006 | C221: Đổi thuế < 400ms | D221: EP | E221: TC-NFR-001 | F221: Covered
A222: CO-221 | B222: NFR-SPM-006 | C222: Chọn store / chip Brand < 400ms | D222: EP | E222: TC-NFR-002 | F222: Covered
A223: CO-222 | B223: NFR-SPM-006 | C223: Tìm kiếm, sắp xếp, phân trang bảng < 400ms | D223: EP | E223: TC-NFR-003 | F223: Covered
A224: CO-223 | B224: REQ-UI-07 | C224: Cửa sổ 1280px: bố cục đầy đủ | D224: BVA | E224: TC-NFR-004 | F224: Covered
A225: CO-224 | B225: REQ-UI-07 | C225: Cửa sổ 1279px và 768px: sidebar icon, KPI 2 cột, biểu đồ 1 cột | D225: BVA | E225: TC-NFR-005 | F225: Covered
A226: CO-225 | B226: REQ-UI-07 | C226: Cửa sổ dưới 768px | D226: BVA | F226: N/A
A227: CO-226 | B227: REQ-UI-06 | C227: Hover state phần tử bấm được | D227: CL | E227: TC-NFR-006 | F227: Covered
A228: CO-227 | B228: REQ-UI-06 | C228: Focus ring khi Tab | D228: CL | E228: TC-NFR-007 | F228: Covered
A229: CO-228 | B229: REQ-UI-06 | C229: Tooltip khi focus bàn phím | D229: CL | E229: TC-NFR-008 | F229: Covered
A230: CO-229 | B230: FR-SPM-010 | C230: Trạng thái cột phân biệt được khi không có màu | D230: CL | E230: TC-NFR-009 | F230: Covered
A231: CO-230 | B231: FR-SPM-001 | C231: CA là PIC nhưng không đứng tên bill không thấy bill; người đứng tên thấy | D231: DT | E231: TC-SCOPE-020 | F231: Covered
A232: CO-231 | B232: FR-SPM-001; FR-SPM-011 | C232: Store Manager 1 store: nhãn tên store, xếp hạng CA, không tab Store | D232: PERM | E232: TC-SCOPE-021 | F232: Covered
A233: CO-232 | B233: FR-SPM-001 | C233: Biên dưới kỳ: 00:00:00 ngày đầu thuộc, 23:59:59 ngày trước không thuộc | D233: BVA | E233: TC-SCOPE-022 | F233: Covered
A234: CO-233 | B234: FR-SPM-001 | C234: Chưa đăng nhập: không xem được dashboard/API | D234: PERM | E234: TC-SCOPE-023 | F234: Covered
A235: CO-234 | B235: FR-SPM-001 | C235: Nhiều Position phạm vi rời nhau | D235: PERM | F235: Pending
A236: CO-235 | B236: FR-SPM-001 | C236: KPI khác và bộ lọc ở mức Cá nhân | D236: PERM | F236: Pending
A237: CO-236 | B237: FR-SPM-002 | C237: tax_total âm → log, số theo ERP | D237: EG | E237: TC-SALES-017 | F237: Covered
A238: CO-237 | B238: REQ-UI-03 | C238: Số đơn trả cross-period trong cảnh báo theo store đang chọn | D238: EP | E238: TC-ALERT-005 | F238: Covered
A239: CO-238 | B239: FR-SPM-010 | C239: Kỳ 32 ngày chạm 2 tháng: Tháng bấm được khi tự chọn Tuần | D239: BVA | E239: TC-CHART-050 | F239: Covered
A240: CO-239 | B240: FR-SPM-010 | C240: Kỳ kết thúc hôm qua, tuần cuối chứa hôm nay → Bị cắt, không sọc | D240: DT | E240: TC-CHART-051 | F240: Covered
A241: CO-240 | B241: FR-SPM-010 | C241: Hoàn trả trong tooltip theo cách nhìn thuế | D241: CL | F241: Pending
A242: CO-241 | B242: FR-SPM-009 | C242: Half-up số âm ,5 | D242: BVA | F242: Pending
A243: CO-242 | B243: FR-SPM-009 | C243: Gộp tài khoản khách làm đổi số kỳ cũ | D243: EG | F243: Pending
A244: CO-243 | B244: FR-SPM-011 | C244: Lọc CA khoá vẫn duyệt CA qua tab bảng | D244: EP | E244: TC-STORE-012 | F244: Covered
A245: CO-244 | B245: FR-SPM-011; FR-SPM-001 | C245: Tab CA ST3: mỗi CA trọn Sales bill, Σ dòng > Tổng | D245: DT | E245: TC-TABLE-016 | F245: Covered
A246: CO-245 | B246: FR-SPM-011 | C246: Chip 1 Brand → không tab Theo Brand | D246: EP | E246: TC-TABLE-017 | F246: Covered
A247: CO-246 | B247: FR-SPM-011 | C247: Đổi thuế khi sắp theo Sales: thứ tự và # tính lại | D247: EP | E247: TC-TABLE-018 | F247: Covered
A248: CO-247 | B248: FR-INC-003 | C248: B2B có PIC trên bill vẫn N/A | D248: DT | E248: TC-INC-031 | F248: Covered
A249: CO-248 | B249: FR-INC-004; FR-INC-001 | C249: PIC vắng, dòng Chopard + dòng BOSS | D249: DT | E249: TC-INC-032 | F249: Covered
A250: CO-249 | B250: FR-INC-002 | C250: Cơ sở thuế Gross/Net, Gross = 0, Discount âm | D250: EP | F250: Pending
A251: CO-250 | B251: FR-INC-005 | C251: Quyền xem Incentive theo vai trò, chặn API | D251: PERM | F251: Pending
...

Sheet Clauses
A1: Clause_ID | B1: Req_ID | C1: Mệnh đề | D1: CO | E1: Test cases | F1: Trạng thái
A2: REQ-UI-01-c1 | B2: REQ-UI-01 | C2: REQ-UI-01-c1 | D2: CO-01; CO-02; CO-03; CO-04; CO-05; CO-06 | E2: TC-FLT-001, TC-FLT-002, TC-FLT-003, TC-FLT-004, TC-FLT-005, TC-FLT-006 | F2: Covered
A3: REQ-UI-01-c2 | B3: REQ-UI-01 | C3: REQ-UI-01-c2 | D3: CO-07 | E3: TC-FLT-007 | F3: Covered (oracle tạm)
A4: REQ-UI-01-c3 | B4: REQ-UI-01 | C4: REQ-UI-01-c3 | D4: CO-08; CO-09 | E4: TC-FLT-008, TC-FLT-009 | F4: Covered
A5: REQ-UI-01-c4 | B5: REQ-UI-01 | C5: REQ-UI-01-c4 | D5: CO-09 | E5: TC-FLT-009 | F5: Covered (oracle tạm)
A6: REQ-UI-01-c5 | B6: REQ-UI-01 | C6: REQ-UI-01-c5 | D6: CO-10 | E6: TC-FLT-010 | F6: Covered (oracle tạm)
A7: REQ-UI-01-c6 | B7: REQ-UI-01 | C7: REQ-UI-01-c6 | F7: Pending
A8: REQ-UI-02-c1 | B8: REQ-UI-02 | C8: REQ-UI-02-c1 | D8: CO-01; CO-11 | E8: TC-FLT-001, TC-FLT-011 | F8: Covered
A9: REQ-UI-02-c2 | B9: REQ-UI-02 | C9: REQ-UI-02-c2 | D9: CO-85 | E9: TC-DISP-007 | F9: Covered
A10: REQ-UI-02-c3 | B10: REQ-UI-02 | C10: REQ-UI-02-c3 | D10: CO-86 | E10: TC-DISP-008 | F10: Covered
A11: REQ-UI-02-c4 | B11: REQ-UI-02 | C11: REQ-UI-02-c4 | D11: CO-87 | E11: TC-DISP-009 | F11: Covered
A12: REQ-UI-02-c5 | B12: REQ-UI-02 | C12: REQ-UI-02-c5 | D12: CO-88 | E12: TC-DISP-010 | F12: Covered
A13: REQ-UI-02-c6 | B13: REQ-UI-02 | C13: REQ-UI-02-c6 | D13: CO-89 | E13: TC-DISP-011 | F13: Covered
A14: REQ-UI-03-c1 | B14: REQ-UI-03 | C14: REQ-UI-03-c1 | D14: CO-92; CO-93 | E14: TC-ALERT-001, TC-ALERT-002 | F14: Covered (oracle tạm)
A15: REQ-UI-03-c3 | B15: REQ-UI-03 | C15: REQ-UI-03-c3 | D15: CO-237 | E15: TC-ALERT-005 | F15: Covered (oracle tạm)
A16: REQ-UI-03-c2 | B16: REQ-UI-03 | C16: REQ-UI-03-c2 | D16: CO-94; CO-95 | E16: TC-ALERT-003, TC-ALERT-004 | F16: Covered (oracle tạm)
A17: REQ-UI-04-c1 | B17: REQ-UI-04 | C17: REQ-UI-04-c1 | D17: CO-91 | E17: TC-DISP-013 | F17: Covered
A18: REQ-UI-04-c2 | B18: REQ-UI-04 | C18: REQ-UI-04-c2 | D18: CO-91 | E18: TC-DISP-013 | F18: Covered
A19: REQ-UI-05-c1 | B19: REQ-UI-05 | C19: REQ-UI-05-c1 | D19: CO-29 | E19: TC-SCOPE-017 | F19: Covered
... A30: FR-SPM-001-c1b | B30: FR-SPM-001 | C30: FR-SPM-001-c1b | D30: CO-230 | E30: TC-SCOPE-020 | F30: Covered
A31: FR-SPM-001-c1c | B31: FR-SPM-001 | C31: FR-SPM-001-c1c | F31: Pending
A32: FR-SPM-001-c15 | B32: FR-SPM-001 | C32: FR-SPM-001-c15 | D32: CO-231 | E32: TC-SCOPE-021 | F32: Covered
A33: FR-SPM-001-c16 | B33: FR-SPM-001 | C33: FR-SPM-001-c16 | F33: Pending
A34: FR-SPM-001-c2 | B34: FR-SPM-001 | C34: FR-SPM-001-c2 | D34: CO-13 | E34: TC-SCOPE-001 | F34: Covered
A35: FR-SPM-001-c3 | B35: FR-SPM-001 | C35: FR-SPM-001-c3 | D35: CO-14 | E35: TC-SCOPE-002 | F35: Covered
A36: FR-SPM-001-c4 | B36: FR-SPM-001 | C36: FR-SPM-001-c4 | D36: CO-17 | E36: TC-SCOPE-005 | F36: Covered (oracle tạm)
A37: FR-SPM-001-c5 | B37: FR-SPM-001 | C37: FR-SPM-001-c5 | D37: CO-18; CO-148 | E37: TC-SCOPE-006, TC-STORE-002 | F37: Covered
A38: FR-SPM-001-c6 | B38: FR-SPM-001 | C38: FR-SPM-001-c6 | D38: CO-19 | E38: TC-SCOPE-007 | F38: Covered
A39: FR-SPM-001-c7 | B39: FR-SPM-001 | C39: FR-SPM-001-c7 | D39: CO-20 | E39: TC-SCOPE-008 | F39: Covered
A40: FR-SPM-001-c8 | B40: FR-SPM-001 | C40: FR-SPM-001-c8 | D40: CO-34 | E40: TC-SALES-003 | F40: Covered
A41: FR-SPM-001-c9 | B41: FR-SPM-001 | C41: FR-SPM-001-c9 | D41: CO-21 | E41: TC-SCOPE-009 | F41: Covered (oracle tạm)
A42: FR-SPM-001-c10 | B42: FR-SPM-001 | C42: FR-SPM-001-c10 | D42: CO-22 | E42: TC-SCOPE-010 | F42: Covered (oracle tạm)
A43: FR-SPM-001-c11 | B43: FR-SPM-001 | C43: FR-SPM-001-c11 | D43: CO-23; CO-24; CO-232 | E43: TC-SCOPE-011, TC-SCOPE-012, TC-SCOPE-022 | F43: Covered (oracle tạm)
A44: FR-SPM-001-c17 | B44: FR-SPM-001 | C44: FR-SPM-001-c17 | D44: CO-233 | E44: TC-SCOPE-023 | F44: Covered
A45: FR-SPM-001-c12 | B45: FR-SPM-001 | C45: FR-SPM-001-c12 | D45: CO-25; CO-26; CO-27 | E45: TC-SCOPE-013, TC-SCOPE-014, TC-SCOPE-015 | F45: Covered
... A79: FR-SPM-005-c6 | B79: FR-SPM-005 | C79: FR-SPM-005-c6 | D79: CO-59 | E79: TC-CPN-003 | F79: Covered
A80: FR-SPM-005-c7 | B80: FR-SPM-005 | C80: FR-SPM-005-c7 | F80: Pending
A81: FR-SPM-006-c1 | B81: FR-SPM-006 | C81: FR-SPM-006-c1 | D81: CO-60 | E81: TC-AOV-001 | F81: Covered
A82: FR-SPM-006-c2 | B82: FR-SPM-006 | C82: FR-SPM-006-c2 | D82: CO-61 | E82: TC-AOV-002 | F82: Covered
A83: FR-SPM-006-c3 | B83: FR-SPM-006 | C83: FR-SPM-006-c3 | D83: CO-62 | E83: TC-AOV-003 | F83: Covered
A84: FR-SPM-006-c4 | B84: FR-SPM-006 | C84: FR-SPM-006-c4 | D84: CO-63 | E84: TC-AOV-004 | F84: Covered
A85: FR-SPM-006-c5 | B85: FR-SPM-006 | C85: FR-SPM-006-c5 | D85: CO-64 | E85: TC-AOV-005 | F85: Covered
A86: FR-SPM-006-c6 | B86: FR-SPM-006 | C86: FR-SPM-006-c6 | D86: CO-65 | E86: TC-AOV-006 | F86: Covered
A87: FR-SPM-006-c7 | B87: FR-SPM-006 | C87: FR-SPM-006-c7 | D87: CO-66 | E87: TC-AOV-007 | F87: Covered (oracle tạm)
A88: FR-SPM-007-c1 | B88: FR-SPM-007 | C88: FR-SPM-007-c1 | D88: CO-67 | E88: TC-UPT-001 | F88: Covered
A89: FR-SPM-007-c2 | B89: FR-SPM-007 | C89: FR-SPM-007-c2 | D89: CO-69 | E89: TC-UPT-003 | F89: Covered (oracle tạm)
A90: FR-SPM-007-c3 | B90: FR-SPM-007 | C90: FR-SPM-007-c3 | D90: CO-79 | E90: TC-DISP-001 | F90: Covered
A91: FR-SPM-007-c4 | B91: FR-SPM-007 | C91: FR-SPM-007-c4 | D91: CO-70 | E91: TC-UPT-004 | F91: Covered (oracle tạm)
A92: FR-SPM-007-c5 | B92: FR-SPM-007 | C92: FR-SPM-007-c5 | D92: CO-68 | E92: TC-UPT-002 | F92: Covered
... A117: FR-SPM-009-c14 | B117: FR-SPM-009 | C117: FR-SPM-009-c14 | D117: CO-31 | E117: TC-SCOPE-019 | F117: Covered (oracle tạm)
A118: FR-SPM-009-c15 | B118: FR-SPM-009 | C118: FR-SPM-009-c15 | F118: Pending
A119: FR-SPM-009-c16 | B119: FR-SPM-009 | C119: FR-SPM-009-c16 | F119: Pending
A120: FR-SPM-010-c1 | B120: FR-SPM-010 | C120: FR-SPM-010-c1 | D120: CO-140 | E120: TC-CHART-043 | F120: Covered
A121: FR-SPM-010-c2 | B121: FR-SPM-010 | C121: FR-SPM-010-c2 | D121: CO-120 | E121: TC-CHART-048 | F121: Covered
A122: FR-SPM-010-c3 | B122: FR-SPM-010 | C122: FR-SPM-010-c3 | D122: CO-98; CO-112 | E122: TC-CHART-003, TC-CHART-023 | F122: Covered
A123: FR-SPM-010-c4 | B123: FR-SPM-010 | C123: FR-SPM-010-c4 | D123: CO-119 | E123: TC-CHART-047 | F123: Covered
A124: FR-SPM-010-c5 | B124: FR-SPM-010 | C124: FR-SPM-010-c5 | D124: CO-102; CO-103; CO-104; CO-105 | E124: TC-CHART-013, TC-CHART-014, TC-CHART-015, TC-CHART-016 | F124: Covered
A125: FR-SPM-010-c6 | B125: FR-SPM-010 | C125: FR-SPM-010-c6 | D125: CO-101 | E125: TC-CHART-007 | F125: Covered
A126: FR-SPM-010-c7 | B126: FR-SPM-010 | C126: FR-SPM-010-c7 | D126: CO-106; CO-107; CO-103 | E126: TC-CHART-014, TC-CHART-017, TC-CHART-018 | F126: Covered
A127: FR-SPM-010-c8 | B127: FR-SPM-010 | C127: FR-SPM-010-c8 | D127: CO-108; CO-99; CO-109; CO-110 | E127: TC-CHART-004, TC-CHART-019, TC-CHART-020, TC-CHART-021 | F127: Covered
A128: FR-SPM-010-c9 | B128: FR-SPM-010 | C128: FR-SPM-010-c9 | D128: CO-108; CO-111; CO-112; CO-238 | E128: TC-CHART-019, TC-CHART-022, TC-CHART-023, TC-CHART-050 | F128: Covered
A129: FR-SPM-010-c10 | B129: FR-SPM-010 | C129: FR-SPM-010-c10 | D129: CO-113 | E129: TC-CHART-011 | F129: Covered
A130: FR-SPM-010-c11 | B130: FR-SPM-010 | C130: FR-SPM-010-c11 | D130: CO-114; CO-115 | E130: TC-CHART-003, TC-CHART-009 | F130: Covered
A131: FR-SPM-010-c12 | B131: FR-SPM-010 | C131: FR-SPM-010-c12 | D131: CO-116 | E131: TC-CHART-008 | F131: Covered
A132: FR-SPM-010-c13 | B132: FR-SPM-010 | C132: FR-SPM-010-c13 | D132: CO-117 | E132: TC-CHART-010 | F132: Covered
A133: FR-SPM-010-c14 | B133: FR-SPM-010 | C133: FR-SPM-010-c14 | F133: N/A
A134: FR-SPM-010-c15 | B134: FR-SPM-010 | C134: FR-SPM-010-c15 | D134: CO-96 | E134: TC-CHART-001, TC-CHART-006 | F134: Covered
A135: FR-SPM-010-c16 | B135: FR-SPM-010 | C135: FR-SPM-010-c16 | D135: CO-99; CO-239 | E135: TC-CHART-004, TC-CHART-051 | F135: Covered (oracle tạm)
A136: FR-SPM-010-c17 | B136: FR-SPM-010 | C136: FR-SPM-010-c17 | D136: CO-98 | E136: TC-CHART-003 | F136: Covered
A137: FR-SPM-010-c18 | B137: FR-SPM-010 | C137: FR-SPM-010-c18 | D137: CO-100 | E137: TC-CHART-005 | F137: Covered (oracle tạm)
A138: FR-SPM-010-c19 | B138: FR-SPM-010 | C138: FR-SPM-010-c19 | D138: CO-97 | E138: TC-CHART-002 | F138: Covered
A139: FR-SPM-010-c20 | B139: FR-SPM-010 | C139: FR-SPM-010-c20 | D139: CO-121 | E139: TC-CHART-032 | F139: Covered
A140: FR-SPM-010-c21 | B140: FR-SPM-010 | C140: FR-SPM-010-c21 | D140: CO-122; CO-124 | E140: TC-CHART-028, TC-CHART-030 | F140: Covered
A141: FR-SPM-010-c22 | B141: FR-SPM-010 | C141: FR-SPM-010-c22 | D141: CO-123 | E141: TC-CHART-029 | F141: Covered (oracle tạm)
A142: FR-SPM-010-c23 | B142: FR-SPM-010 | C142: FR-SPM-010-c23 | D142: CO-126; CO-127 | E142: TC-CHART-026, TC-CHART-027 | F142: Covered
A143: FR-SPM-010-c24 | B143: FR-SPM-010 | C143: FR-SPM-010-c24 | D143: CO-97; CO-98 | E143: TC-CHART-002, TC-CHART-003 | F143: Covered
A144: FR-SPM-010-c25 | B144: FR-SPM-010 | C144: FR-SPM-010-c25 | D144: CO-124; CO-125 | E144: TC-CHART-030, TC-CHART-031 | F144: Covered
A145: FR-SPM-010-c26 | B145: FR-SPM-010 | C145: FR-SPM-010-c26 | D145: CO-128; CO-129 | E145: TC-CHART-036, TC-CHART-037 | F145: Covered
... A156: FR-SPM-010-c37 | B156: FR-SPM-010 | C156: FR-SPM-010-c37 | D156: CO-142 | E156: TC-CHART-045 | F156: Covered
A157: FR-SPM-010-c42 | B157: FR-SPM-010 | C157: FR-SPM-010-c42 | F157: Pending
A158: FR-SPM-010-c38 | B158: FR-SPM-010 | C158: FR-SPM-010-c38 | D158: CO-143 | E158: TC-CHART-046 | F158: Covered
A159: FR-SPM-010-c39 | B159: FR-SPM-010 | C159: FR-SPM-010-c39 | D159: CO-118 | E159: TC-CHART-012 | F159: Covered
A160: FR-SPM-010-c40 | B160: FR-SPM-010 | C160: FR-SPM-010-c40 | D160: CO-144 | E160: TC-CHART-049 | F160: Covered
A161: FR-SPM-010-c41 | B161: FR-SPM-010 | C161: FR-SPM-010-c41 | D161: CO-229 | E161: TC-NFR-009 | F161: Covered
A162: FR-SPM-011-c1 | B162: FR-SPM-011 | C162: FR-SPM-011-c1 | D162: CO-150 | E162: TC-STORE-004 | F162: Covered
A163: FR-SPM-011-c2 | B163: FR-SPM-011 | C163: FR-SPM-011-c2 | D163: CO-149 | E163: TC-STORE-003 | F163: Covered (oracle tạm)
A164: FR-SPM-011-c3 | B164: FR-SPM-011 | C164: FR-SPM-011-c3 | D164: CO-154 | E164: TC-STORE-007 | F164: Covered
A165: FR-SPM-011-c4 | B165: FR-SPM-011 | C165: FR-SPM-011-c4 | D165: CO-147; CO-148 | E165: TC-STORE-001, TC-STORE-002 | F165: Covered
A166: FR-SPM-011-c5 | B166: FR-SPM-011 | C166: FR-SPM-011-c5 | D166: CO-151 | E166: TC-STORE-005 | F166: Covered
A167: FR-SPM-011-c6 | B167: FR-SPM-011 | C167: FR-SPM-011-c6 | D167: CO-147; CO-149; CO-152; CO-153 | E167: TC-STORE-001, TC-STORE-003, TC-STORE-005, TC-STORE-006 | F167: Covered
A168: FR-SPM-011-c7 | B168: FR-SPM-011 | C168: FR-SPM-011-c7 | D168: CO-155 | E168: TC-STORE-008 | F168: Covered
A169: FR-SPM-011-c8 | B169: FR-SPM-011 | C169: FR-SPM-011-c8 | D169: CO-156; CO-157; CO-147 | E169: TC-STORE-001, TC-STORE-009, TC-STORE-010 | F169: Covered
... A199: FR-INC-003-c5 | B199: FR-INC-003 | C199: FR-INC-003-c5 | D199: CO-196 | E199: TC-INC-014 | F199: Covered (oracle tạm)
A200: FR-INC-003-c6 | B200: FR-INC-003 | C200: FR-INC-003-c6 | F200: Pending
A201: FR-INC-003-c7 | B201: FR-INC-003 | C201: FR-INC-003-c7 | D201: CO-247 | E201: TC-INC-031 | F201: Covered (oracle tạm)
A202: FR-INC-002-c8 | B202: FR-INC-002 | C202: FR-INC-002-c8 | F202: Pending
A203: FR-INC-004-c1 | B203: FR-INC-004 | C203: FR-INC-004-c1 | D203: CO-197 | E203: TC-INC-015 | F203: Covered (oracle tạm)
A204: FR-INC-004-c2 | B204: FR-INC-004 | C204: FR-INC-004-c2 | D204: CO-198 | E204: TC-INC-016 | F204: Covered (oracle tạm)
A205: FR-INC-004-c3 | B205: FR-INC-004 | C205: FR-INC-004-c3 | D205: CO-199 | E205: TC-INC-017 | F205: Covered (oracle tạm)
A206: FR-INC-004-c4 | B206: FR-INC-004 | C206: FR-INC-004-c4 | D206: CO-200 | E206: TC-INC-018 | F206: Covered (oracle tạm)
...
