Workbook

Sheet Test Cases
A1: TC_ID | B1: Module | C1: Req_ID | D1: Title | E1: Test_Type | F1: Scenario | G1: Technique | H1: Priority | I1: Preconditions | J1: Test_Data | K1: Steps | L1: Expected_Result | M1: Automation | N1: Status | O1: Notes | P1: Design_Status | Q1: Actual_Result | R1: Bug_ID | S1: Tester | T1: Executed_Date
A2: TC-CART-001 | B2: Giỏ hàng | C2: AC01 | D2: Kiểm tra sản phẩm còn hàng cho phép tick và bỏ tick trong Cart | E2: Functional | F2: Positive | G2: ST | H2: P1 | I2: 1. Theo SETUP-01 (customer01@test.com đã đăng nhập); thay đổi tồn kho theo SETUP-02 2. Cart có SP-A và SP-C, cả hai còn hàng (Saleable Qty = 10), qty = 1 | J2: SP-A, SP-C (Saleable Qty = 10) | K2: 1. Truy cập trang "Giỏ hàng" 2. Quan sát checkbox của SP-A và SP-C 3. Bỏ tick SP-A 4. Tick lại SP-A | L2: 1. Trang Giỏ hàng hiển thị SP-A, SP-C 2. Checkbox của SP-A và SP-C ở trạng thái Enable, đang được tick 3. Checkbox SP-A chuyển sang bỏ tick 4. Checkbox SP-A chuyển sang được tick | M2: Candidate | N2: Not Run | O2: [Giả định AS-02] [Cần xác nhận Q-02] trạng thái tick mặc định | P2: Needs Clarification (Q-02, AS-02)
A3: TC-CART-002 | B3: Giỏ hàng | C3: AC01 | D3: Kiểm tra chỉ sản phẩm được tick được chuyển sang Checkout khi Cart toàn sản phẩm còn hàng | E3: Functional | F3: Positive | G3: UC | H3: P1 | I3: 1. Theo SETUP-01 (customer01@test.com đã đăng nhập); thay đổi tồn kho theo SETUP-02 2. Cart có SP-A và SP-C còn hàng, qty = 1 3. Đang ở trang Giỏ hàng, SP-A và SP-C đang được tick | J3: SP-A, SP-C | K3: 1. Bỏ tick SP-C 2. Nhấn nút "Mua hàng" | L3: 1. Nút "Mua hàng" vẫn Enable 2. Chuyển tới trang Checkout; danh sách sản phẩm chỉ có SP-A (qty 1, 15.780.000 ₫), không có SP-C | M3: Candidate | N3: Not Run | P3: Ready
A4: TC-CART-003 | B4: Giỏ hàng | C4: AC01;BR-01 | D4: Kiểm tra checkout được với tất cả sản phẩm còn hàng được tick | E4: Functional | F4: Positive | G4: UC | H4: P2 | I4: 1. Theo SETUP-01 (customer01@test.com đã đăng nhập); thay đổi tồn kho theo SETUP-02 2. Cart có SP-A và SP-C còn hàng, qty = 1 3. Đang ở trang Giỏ hàng, SP-A và SP-C đang được tick | J4: SP-A, SP-C | K4: 1. Nhấn nút "Mua hàng" | L4: 1. Chuyển tới trang Checkout; danh sách có đủ SP-A và SP-C với đúng qty 1 | M4: Candidate | N4: Not Run | P4: Ready
A5: TC-CART-004 | B5: Giỏ hàng | C5: AC02;BR-02 | D5: Kiểm tra sản phẩm hết hàng tự bỏ tick, checkbox bị Disable và hiển thị thông báo khi vào Cart | E5: Functional | F5: Positive | G5: ST | H5: P1 | I5: 1. Theo SETUP-01 (customer01@test.com đã đăng nhập); thay đổi tồn kho theo SETUP-02 2. Cart có SP-A (còn hàng) và SP-B 3. Admin đã cập nhật Saleable Qty của SP-B = 0 | J5: SP-A (Saleable Qty = 10); SP-B (Saleable Qty = 0) | K5: 1. Truy cập trang "Giỏ hàng" 2. Quan sát dòng SP-B | L5: 1. SP-B vẫn hiển thị trong Cart 2. Checkbox SP-B bỏ tick và bị Disable; bên dưới SP-B hiển thị thông báo "Sản phẩm hiện đang hết hàng" | M5: Candidate | N5: Not Run | O5: [Giả định AS-01] [Cần xác nhận Q-01] câu thông báo | P5: Needs Clarification (Q-01, AS-01)
A6: TC-CART-005 | B6: Giỏ hàng | C6: AC02;AC03;AC04 | D6: Kiểm tra không thể tick sản phẩm hết hàng | E6: Functional | F6: Negative | G6: ST | H6: P2 | I6: 1. Theo SETUP-01 (customer01@test.com đã đăng nhập); thay đổi tồn kho theo SETUP-02 2. Cart có SP-A (còn hàng) và SP-B (Saleable Qty = 0) 3. Đang ở trang Giỏ hàng | J6: SP-B (Saleable Qty = 0) | K6: 1. Click vào checkbox của SP-B 2. Click vào ảnh / tên của SP-B rồi quay lại Giỏ hàng | L6: 1. Checkbox SP-B không đổi trạng thái, vẫn bỏ tick 2. Quay lại Giỏ hàng, checkbox SP-B vẫn bỏ tick và Disable | M6: Candidate | N6: Not Run | O6: DT1-R4 | P6: Ready
A7: TC-CART-006 | B7: Giỏ hàng | C7: AC02;AC09 | D7: Kiểm tra sản phẩm hết hàng không được đưa vào Checkout | E7: Functional | F7: Negative | G7: UC | H7: P1 | I7: 1. Theo SETUP-01 (customer01@test.com đã đăng nhập); thay đổi tồn kho theo SETUP-02 2. Cart có SP-A (còn hàng) và SP-B (Saleable Qty = 0) 3. Đang ở trang Giỏ hàng, SP-A đang được tick | J7: SP-A; SP-B (Saleable Qty = 0) | K7: 1. Nhấn nút "Mua hàng" | L7: 1. Chuyển tới trang Checkout; danh sách chỉ có SP-A, không có SP-B; tổng tiền không bao gồm 36.280.000 ₫ của SP-B | M7: Candidate | N7: Not Run | P7: Ready
A8: TC-CART-007 | B8: Giỏ hàng | C8: AC02;BR-02 | D8: Kiểm tra sản phẩm đang được tick chuyển sang hết hàng thì tự bỏ tick sau khi tải lại Cart | E8: Functional | F8: Edge | G8: ST | H8: P2 | I8: 1. Theo SETUP-01 (customer01@test.com đã đăng nhập); thay đổi tồn kho theo SETUP-02 2. Cart có SP-A và SP-C còn hàng, cả hai đang được tick 3. Đang mở trang Giỏ hàng | J8: SP-C: Saleable Qty 10 → 0 | K8: 1. Admin cập nhật Saleable Qty của SP-C = 0 2. Khách hàng tải lại trang Giỏ hàng (F5) | L8: 2. SP-C bỏ tick, checkbox Disable, hiển thị thông báo "Sản phẩm hiện đang hết hàng"; SP-A vẫn được tick; nút "Mua hàng" vẫn Enable | M8: Candidate | N8: Not Run | O8: [Giả định AS-03] [Cần xác nhận Q-04] thời điểm hệ thống phát hiện [Giả định AS-01] câu thông báo hết hàng | P8: Needs Clarification (Q-04, AS-01, AS-03)
A9: TC-CART-008 | B9: Giỏ hàng | C9: AC03;AC10 | D9: Kiểm tra Cart có A còn hàng, B hết hàng, C còn hàng hiển thị đúng trạng thái từng sản phẩm | E9: Functional | F9: Positive | G9: UC | H9: P1 | I9: 1. Theo SETUP-01 (customer01@test.com đã đăng nhập); thay đổi tồn kho theo SETUP-02 2. Thêm vào Cart lần lượt SP-A, SP-B, SP-C (qty = 1) 3. Admin cập nhật Saleable Qty SP-B = 0 | J9: SP-A, SP-C (Saleable Qty = 10); SP-B (Saleable Qty = 0) | K9: 1. Truy cập trang "Giỏ hàng" 2. Bỏ tick rồi tick lại SP-A và SP-C | L9: 1. Thứ tự hiển thị: SP-A, SP-C, SP-B; SP-B bỏ tick, checkbox Disable, có thông báo "Sản phẩm hiện đang hết hàng"; nút "Mua hàng" Enable 2. SP-A và SP-C tick/bỏ tick được bình thường | M9: Candidate | N9: Not Run | O9: [Giả định AS-01] câu thông báo hết hàng | P9: Needs Clarification (AS-01)
A10: TC-CART-009 | B10: Giỏ hàng | C10: AC03 | D10: Kiểm tra checkout chỉ với sản phẩm còn hàng được tick mà không cần xoá sản phẩm hết hàng | E10: Functional | F10: Positive | G10: UC | H10: P1 | I10: 1. Theo SETUP-01 (customer01@test.com đã đăng nhập); thay đổi tồn kho theo SETUP-02 2. Cart có SP-A, SP-C (còn hàng) và SP-B (Saleable Qty = 0) 3. Đang ở trang Giỏ hàng, SP-A và SP-C được tick | J10: SP-A, SP-B, SP-C | K10: 1. Bỏ tick SP-A 2. Nhấn nút "Mua hàng" | L10: 1. Nút "Mua hàng" vẫn Enable 2. Chuyển tới trang Checkout chỉ với SP-C; không có thông báo yêu cầu xoá SP-B | M10: Candidate | N10: Not Run | P10: Ready
A11: TC-CART-010 | B11: Giỏ hàng | C11: AC04;BR-01 | D11: Kiểm tra nút Mua hàng Enable khi có ít nhất 1 sản phẩm còn hàng được tick | E11: Functional | F11: Positive | G11: DT | H11: P1 | I11: 1. Theo SETUP-01 (customer01@test.com đã đăng nhập); thay đổi tồn kho theo SETUP-02 2. Cart có SP-A, SP-C (còn hàng) và SP-B (Saleable Qty = 0) 3. Đang ở trang Giỏ hàng, chưa tick SP nào | J11: SP-A, SP-B, SP-C | K11: 1. Tick SP-A | L11: 1. Nút "Mua hàng" chuyển sang Enable | M11: Candidate | N11: Not Run | O11: DT1-R1 | P11: Ready
A12: TC-CART-011 | B12: Giỏ hàng | C12: AC04;AC01;BR-01 | D12: Kiểm tra nút Mua hàng Disable khi không có sản phẩm còn hàng nào được tick | E12: Functional | F12: Negative | G12: DT | H12: P2 | I12: 1. Theo SETUP-01 (customer01@test.com đã đăng nhập); thay đổi tồn kho theo SETUP-02 2. Cart có SP-A, SP-C (còn hàng) và SP-B (Saleable Qty = 0) 3. Đang ở trang Giỏ hàng, SP-A và SP-C được tick | J12: SP-A, SP-B, SP-C | K12: 1. Bỏ tick SP-A 2. Bỏ tick SP-C 3. Click nút "Mua hàng" | L12: 1. Nút "Mua hàng" vẫn Enable 2. Nút "Mua hàng" chuyển sang Disable 3. Không chuyển trang, vẫn ở Giỏ hàng | M12: Candidate | N12: Not Run | O12: DT1-R2 | P12: Ready
A13: TC-CART-012 | B13: Giỏ hàng | C13: AC04;BR-01 | D13: Kiểm tra nút Mua hàng chuyển trạng thái tại biên từ 1 sản phẩm được tick xuống 0 | E13: Functional | F13: Boundary | G13: BVA | H13: P2 | I13: 1. Theo SETUP-01 (customer01@test.com đã đăng nhập); thay đổi tồn kho theo SETUP-02 2. Cart có SP-A, SP-C, SP-E còn hàng 3. Đang ở trang Giỏ hàng, chỉ SP-A được tick | J13: SP-A, SP-C, SP-E | K13: 1. Bỏ tick SP-A 2. Tick lại SP-A | L13: 1. Nút "Mua hàng" chuyển sang Disable (0 SP được tick) 2. Nút "Mua hàng" chuyển sang Enable (1 SP được tick) | M13: Candidate | N13: Not Run | P13: Ready
A14: TC-CART-013 | B14: Giỏ hàng | C14: AC04;AC05;BR-01 | D14: Kiểm tra nút Mua hàng Disable khi tất cả sản phẩm trong Cart đều hết hàng | E14: Functional | F14: Negative | G14: DT | H14: P2 | I14: 1. Theo SETUP-01 (customer01@test.com đã đăng nhập); thay đổi tồn kho theo SETUP-02 2. Cart chỉ có SP-B và SP-D, cả hai Saleable Qty = 0 | J14: SP-B, SP-D (Saleable Qty = 0) | K14: 1. Truy cập trang "Giỏ hàng" 2. Click nút "Mua hàng" | L14: 1. Nút "Mua hàng" Disable 2. Không chuyển sang trang Checkout | M14: Candidate | N14: Not Run | O14: DT1-R3 | P14: Ready
A15: TC-CART-014 | B15: Giỏ hàng | C15: AC05 | D15: Kiểm tra hiển thị Cart khi tất cả sản phẩm đều hết hàng | E15: Functional | F15: Positive | G15: UC | H15: P1 | I15: 1. Theo SETUP-01 (customer01@test.com đã đăng nhập); thay đổi tồn kho theo SETUP-02 2. Cart chỉ có SP-B và SP-D, cả hai Saleable Qty = 0 | J15: SP-B, SP-D (Saleable Qty = 0) | K15: 1. Truy cập trang "Giỏ hàng" | L15: 1. SP-B và SP-D vẫn hiển thị trong Cart; cả hai bỏ tick, checkbox Disable; bên dưới mỗi SP hiển thị thông báo hết hàng; nút "Mua hàng" Disable | M15: Candidate | N15: Not Run | O15: [Cần xác nhận Q-01] AC05 ghi 'số lượng sản phẩm không có sẵn', AC02 ghi 'Sản phẩm hiện đang hết hàng'; [Cần xác nhận Q-03] trạng thái checkbox 'Tất cả sản phẩm' | P15: Needs Clarification (Q-01, Q-03)
A16: TC-CART-015 | B16: Giỏ hàng | C16: AC05 | D16: Kiểm tra không vào được Checkout bằng URL trực tiếp khi tất cả sản phẩm hết hàng | E16: Security | F16: Negative | G16: EG | H16: P2 | I16: 1. Theo SETUP-01 (customer01@test.com đã đăng nhập); thay đổi tồn kho theo SETUP-02 2. Cart chỉ có SP-B và SP-D, cả hai Saleable Qty = 0 | J16: URL: <domain>/checkout | K16: 1. Nhập trực tiếp URL trang Checkout vào thanh địa chỉ và Enter | L16: 1. Không hiển thị trang Checkout có SP-B hoặc SP-D; không thể đặt hàng | M16: Candidate | N16: Not Run | O16: [Cần xác nhận Q-12] trang chuyển hướng và thông báo cụ thể | P16: Needs Clarification (Q-12)
A17: TC-CART-016 | B17: Giỏ hàng | C17: AC06;BR-03 | D17: Kiểm tra tự điều chỉnh qty về tồn kho khả dụng khi tồn kho giảm từ 2 xuống 1 | E17: Functional | F17: Boundary | G17: ST | H17: P1 | I17: 1. Theo SETUP-01 (customer01@test.com đã đăng nhập); thay đổi tồn kho theo SETUP-02 2. Admin đặt Saleable Qty SP-A = 2 3. Cart có SP-A qty = 2, đang được tick | J17: SP-A: Saleable Qty 2 → 1; qty trong Cart = 2 | K17: 1. Admin cập nhật Saleable Qty SP-A = 1 2. Khách hàng tải lại trang Giỏ hàng (F5) | L17: 2. Qty SP-A tự đổi thành 1; SP-A vẫn được tick; hiển thị thông báo "Sản phẩm này chỉ còn số lượng là 1"; tạm tính SP-A = 15.780.000 ₫ | M17: Candidate | N17: Not Run | O17: [Giả định AS-03] [Cần xác nhận Q-04] | P17: Needs Clarification (Q-04, AS-03)
A18: TC-CART-017 | B18: Giỏ hàng | C18: AC06 | D18: Kiểm tra checkout được sau khi qty đã tự điều chỉnh về tồn kho khả dụng | E18: Functional | F18: Positive | G18: UC | H18: P1 | I18: 1. Theo SETUP-01 (customer01@test.com đã đăng nhập); thay đổi tồn kho theo SETUP-02 2. Admin đặt Saleable Qty SP-A = 2 3. Cart có SP-A qty = 2, đang được tick | J18: SP-A: Saleable Qty 2 → 1; qty trong Cart = 2 | K18: 1. Admin cập nhật Saleable Qty SP-A = 1 2. Khách hàng tải lại trang Giỏ hàng (F5) 3. Nhấn nút "Mua hàng" | L18: 2. Qty SP-A tự đổi thành 1, vẫn được tick 3. Chuyển tới trang Checkout với SP-A qty = 1 | M18: Candidate | N18: Not Run | O18: [Giả định AS-03] | P18: Needs Clarification (AS-03)
A19: TC-CART-018 | B19: Giỏ hàng | C19: AC06;BR-03 | D19: Kiểm tra qty tự quay về tồn kho khả dụng khi cố tăng qty sau khi đã bị điều chỉnh | E19: Validation | F19: Boundary | G19: ST | H19: P2 | I19: 1. Theo SETUP-01 (customer01@test.com đã đăng nhập); thay đổi tồn kho theo SETUP-02 2. Admin đặt Saleable Qty SP-A = 1 3. Cart có SP-A qty = 1, đang được tick | J19: SP-A: nhập qty = 2 | K19: 1. Tăng qty SP-A lên 2 (nút + hoặc nhập 2 vào ô "Số lượng") | L19: 1. Qty SP-A tự quay về 1; hiển thị thông báo "Sản phẩm này chỉ còn số lượng là 1"; SP-A vẫn được tick | M19: Candidate | N19: Not Run | P19: Ready
A20: TC-CART-019 | B20: Giỏ hàng | C20: AC07 | D20: Kiểm tra giữ nguyên qty và tick khi đổi qty = 4 (dưới tồn kho khả dụng 5) | E20: Validation | F20: Boundary | G20: BVA | H20: P2 | I20: 1. Theo SETUP-01 (customer01@test.com đã đăng nhập); thay đổi tồn kho theo SETUP-02 2. Admin đặt Saleable Qty SP-E = 5 3. Cart có SP-E qty = 1, đang được tick | J20: SP-E: Saleable Qty = 5; qty mới = 4 | K20: 1. Đổi qty SP-E thành 4 | L20: 1. Qty SP-E = 4; vẫn được tick; không hiển thị thông báo "Sản phẩm này chỉ còn số lượng là..."; nút "Mua hàng" Enable | M20: Candidate | N20: Not Run | P20: Ready
A21: TC-CART-020 | B21: Giỏ hàng | C21: AC07 | D21: Kiểm tra giữ nguyên qty và tick khi đổi qty bằng đúng tồn kho khả dụng 5 | E21: Validation | F21: Boundary | G21: BVA | H21: P2 | I21: 1. Theo SETUP-01 (customer01@test.com đã đăng nhập); thay đổi tồn kho theo SETUP-02 2. Admin đặt Saleable Qty SP-E = 5 3. Cart có SP-E qty = 1, đang được tick | J21: SP-E: Saleable Qty = 5; qty mới = 5 | K21: 1. Đổi qty SP-E thành 5 2. Nhấn nút "Mua hàng" | L21: 1. Qty SP-E = 5; vẫn được tick; không hiển thị thông báo số lượng 2. Chuyển tới Checkout với SP-E qty = 5 | M21: Candidate | N21: Not Run | P21: Ready
A22: TC-CART-021 | B22: Giỏ hàng | C22: AC07;BR-03 | D22: Kiểm tra tự điều chỉnh qty về 5 khi đổi qty = 6 (vượt tồn kho khả dụng 5) | E22: Validation | F22: Boundary | G22: BVA | H22: P2 | I22: 1. Theo SETUP-01 (customer01@test.com đã đăng nhập); thay đổi tồn kho theo SETUP-02 2. Admin đặt Saleable Qty SP-E = 5 3. Cart có SP-E qty = 1, đang được tick | J22: SP-E: Saleable Qty = 5; qty mới = 6 | K22: 1. Đổi qty SP-E thành 6 | L22: 1. Qty SP-E tự đổi về 5; hiển thị thông báo "Sản phẩm này chỉ còn số lượng là 5"; SP-E vẫn được tick | M22: Candidate | N22: Not Run | P22: Ready
A23: TC-CART-022 | B23: Giỏ hàng | C23: AC07;BR-03 | D23: Kiểm tra tự điều chỉnh qty về 5 khi nhập qty rất lớn 999 | E23: Validation | F23: Negative | G23: EP | H23: P3 | I23: 1. Theo SETUP-01 (customer01@test.com đã đăng nhập); thay đổi tồn kho theo SETUP-02 2. Admin đặt Saleable Qty SP-E = 5 3. Cart có SP-E qty = 1, đang được tick | J23: SP-E: Saleable Qty = 5; qty mới = 999 | K23: 1. Nhập 999 vào ô "Số lượng" của SP-E | L23: 1. Qty SP-E tự đổi về 5; hiển thị thông báo "Sản phẩm này chỉ còn số lượng là 5"; SP-E vẫn được tick | M23: Candidate | N23: Not Run | O23: Giá trị qty < 1 / chữ: xem điều kiện CO-23 (đang Pending) | P23: Ready
A24: TC-CART-023 | B24: Giỏ hàng | C24: AC08 | D24: Kiểm tra chuyển sang Checkout khi tất cả sản phẩm được tick vẫn đủ tồn kho lúc bấm Mua hàng | E24: Functional | F24: Positive | G24: DT | H24: P1 | I24: 1. Theo SETUP-01 (customer01@test.com đã đăng nhập); thay đổi tồn kho theo SETUP-02 2. Cart có SP-A qty 1 và SP-C qty 1 (Saleable Qty = 10), đang được tick 3. Đang ở trang Giỏ hàng | J24: SP-A, SP-C | K24: 1. Nhấn nút "Mua hàng" | L24: 1. Chuyển tới trang Checkout với SP-A và SP-C; không hiển thị banner "Sản phẩm vừa được cập nhật lại." | M24: Candidate | N24: Not Run | O24: DT2-R1 | P24: Ready
A25: TC-CART-024 | B25: Giỏ hàng | C25: AC08;BR-02 | D25: Kiểm tra reload Cart và hiển thị banner khi sản phẩm được tick hết hàng ngay trước lúc bấm Mua hàng | E25: Functional | F25: Negative | G25: DT | H25: P1 | I25: 1. Theo SETUP-01 (customer01@test.com đã đăng nhập); thay đổi tồn kho theo SETUP-02 2. Cart có SP-A và SP-C còn hàng, đang được tick 3. Đang mở trang Giỏ hàng (không tải lại) | J25: SP-A: Saleable Qty 10 → 0 | K25: 1. Admin cập nhật Saleable Qty SP-A = 0 2. Khách hàng nhấn nút "Mua hàng" (không tải lại trang trước) | L25: 2. Không chuyển sang Checkout; Cart được tải lại và hiển thị banner "Sản phẩm vừa được cập nhật lại."; SP-A bỏ tick, checkbox Disable, có thông báo "Sản phẩm hiện đang hết hàng"; SP-C vẫn được tick | M25: Candidate | N25: Not Run | O25: DT2-R2. Regression DEV-3747 [Cần xác nhận Q-10] vị trí banner [Giả định AS-01] câu thông báo hết hàng | P25: Needs Clarification (Q-10, AS-01)
A26: TC-CART-025 | B26: Giỏ hàng | C26: AC08;BR-03 | D26: Kiểm tra reload Cart và tự điều chỉnh qty khi tồn kho giảm thấp hơn qty ngay trước lúc bấm Mua hàng | E26: Functional | F26: Negative | G26: DT | H26: P1 | I26: 1. Theo SETUP-01 (customer01@test.com đã đăng nhập); thay đổi tồn kho theo SETUP-02 2. Admin đặt Saleable Qty SP-A = 3 3. Cart có SP-A qty = 3, đang được tick 4. Đang mở trang Giỏ hàng (không tải lại) | J26: SP-A: Saleable Qty 3 → 2; qty = 3 | K26: 1. Admin cập nhật Saleable Qty SP-A = 2 2. Khách hàng nhấn nút "Mua hàng" | L26: 2. Không chuyển sang Checkout; Cart được tải lại, hiển thị banner "Sản phẩm vừa được cập nhật lại."; qty SP-A = 2, vẫn được tick, có thông báo "Sản phẩm này chỉ còn số lượng là 2" | M26: Candidate | N26: Not Run | O26: DT2-R3. Regression DEV-3747 | P26: Ready
A27: TC-CART-026 | B27: Giỏ hàng | C27: AC08 | D27: Kiểm tra sản phẩm hợp lệ khác giữ nguyên trạng thái chọn sau khi revalidate | E27: Functional | F27: Edge | G27: DT | H27: P2 | I27: 1. Theo SETUP-01 (customer01@test.com đã đăng nhập); thay đổi tồn kho theo SETUP-02 2. Cart có SP-A, SP-C, SP-E còn hàng; SP-A và SP-C được tick, SP-E bỏ tick 3. Đang mở trang Giỏ hàng | J27: SP-A: Saleable Qty → 0 | K27: 1. Admin cập nhật Saleable Qty SP-A = 0 2. Khách hàng nhấn nút "Mua hàng" | L27: 2. Cart tải lại với banner "Sản phẩm vừa được cập nhật lại."; SP-A bỏ tick + Disable; SP-C vẫn được tick; SP-E vẫn bỏ tick; qty SP-C, SP-E không đổi | M27: Candidate | N27: Not Run | P27: Ready
A28: TC-CART-027 | B28: Giỏ hàng | C28: AC08 | D28: Kiểm tra bấm Mua hàng lần 2 sau khi Cart đã cập nhật thì chuyển sang Checkout | E28: Functional | F28: Positive | G28: UC | H28: P1 | I28: 1. Theo SETUP-01 (customer01@test.com đã đăng nhập); thay đổi tồn kho theo SETUP-02 2. Cart có SP-A và SP-C còn hàng, đang được tick 3. Đang mở trang Giỏ hàng (không tải lại) | J28: SP-A: Saleable Qty 10 → 0; SP-C | K28: 1. Admin cập nhật Saleable Qty SP-A = 0 2. Khách hàng nhấn nút "Mua hàng" 3. Nhấn nút "Mua hàng" lần nữa | L28: 2. Cart tải lại với banner "Sản phẩm vừa được cập nhật lại.", SP-A bỏ tick + Disable 3. Chuyển tới trang Checkout chỉ với SP-C; không có SP-A | M28: Candidate | N28: Not Run | P28: Ready
A29: TC-CART-028 | B29: Giỏ hàng | C29: AC09 | D29: Kiểm tra sản phẩm hết hàng vẫn còn trong Cart sau khi tải lại và rời trang | E29: Functional | F29: Positive | G29: ST | H29: P2 | I29: 1. Theo SETUP-01 (customer01@test.com đã đăng nhập); thay đổi tồn kho theo SETUP-02 2. Cart có SP-A (còn hàng) và SP-B (Saleable Qty = 0) | J29: SP-B (Saleable Qty = 0) | K29: 1. Truy cập trang "Giỏ hàng" 2. Tải lại trang (F5) 2 lần 3. Đi tới Trang chủ rồi mở lại Giỏ hàng 4. Đăng xuất, đăng nhập lại customer01@test.com, mở Giỏ hàng | L29: 4. Ở mọi bước SP-B vẫn hiển thị trong Cart, bỏ tick, checkbox Disable | M29: Candidate | N29: Not Run | P29: Ready
A30: TC-CART-029 | B30: Giỏ hàng | C30: AC09 | D30: Kiểm tra checkbox được Enable lại khi sản phẩm hết hàng có hàng trở lại | E30: Functional | F30: Positive | G30: ST | H30: P2 | I30: 1. Theo SETUP-01 (customer01@test.com đã đăng nhập); thay đổi tồn kho theo SETUP-02 2. Cart có SP-A (còn hàng) và SP-B (Saleable Qty = 0) 3. Đang ở trang Giỏ hàng | J30: SP-B: Saleable Qty 0 → 10 | K30: 1. Admin cập nhật Saleable Qty SP-B = 10 2. Khách hàng tải lại trang Giỏ hàng 3. Tick SP-B 4. Nhấn nút "Mua hàng" | L30: 2. Checkbox SP-B Enable; không còn thông báo "Sản phẩm hiện đang hết hàng" 3. SP-B được tick 4. Chuyển tới Checkout có SP-B | M30: Candidate | N30: Not Run | O30: [Giả định AS-04] [Cần xác nhận Q-06] tick lại tự động và vị trí hiển thị [Giả định AS-01] câu thông báo hết hàng | P30: Needs Clarification (Q-06, AS-01, AS-04)
A31: TC-CART-030 | B31: Giỏ hàng | C31: AC09;AC03 | D31: Kiểm tra khách hàng vẫn có thể tự xoá sản phẩm hết hàng khỏi Cart | E31: Functional | F31: Positive | G31: CRUD | H31: P3 | I31: 1. Theo SETUP-01 (customer01@test.com đã đăng nhập); thay đổi tồn kho theo SETUP-02 2. Cart có SP-A (còn hàng) và SP-B (Saleable Qty = 0) 3. Đang ở trang Giỏ hàng | J31: SP-B | K31: 1. Nhấn icon xoá (thùng rác) trên dòng SP-B 2. Tải lại trang | L31: 1. SP-B bị xoá khỏi danh sách Cart 2. SP-B không xuất hiện lại; SP-A không bị ảnh hưởng | M31: Candidate | N31: Not Run | P31: Ready
A32: TC-CART-031 | B32: Giỏ hàng | C32: AC10 | D32: Kiểm tra sản phẩm hết hàng xuống cuối Cart và giữ thứ tự tương đối của hai nhóm | E32: Functional | F32: Positive | G32: ST | H32: P2 | I32: 1. Theo SETUP-01 (customer01@test.com đã đăng nhập); thay đổi tồn kho theo SETUP-02 2. Thêm vào Cart lần lượt: SP-A, SP-B, SP-C, SP-D, SP-E 3. SP-B, SP-D Saleable Qty = 0; SP-A, SP-C, SP-E còn hàng | J32: Thứ tự thêm: A, B, C, D, E | K32: 1. Truy cập trang "Giỏ hàng" 2. Ghi lại thứ tự hiển thị | L32: 2. Thứ tự hiển thị: SP-A, SP-C, SP-E, SP-B, SP-D (còn hàng giữ thứ tự A-C-E, hết hàng giữ thứ tự B-D) | M32: Candidate | N32: Not Run | O32: Mockup đặt SP hết hàng ở đầu — mâu thuẫn AC10 (xem analysis §12). Cần xác nhận thứ tự thêm = thứ tự hiển thị ban đầu | P32: Ready
A33: TC-CART-032 | B33: Giỏ hàng | C33: AC10 | D33: Kiểm tra sản phẩm còn hàng chuyển sang hết hàng thì tự chuyển xuống nhóm cuối Cart | E33: Functional | F33: Edge | G33: ST | H33: P3 | I33: 1. Theo SETUP-01 (customer01@test.com đã đăng nhập); thay đổi tồn kho theo SETUP-02 2. Cart hiển thị theo thứ tự: SP-A, SP-C, SP-E, SP-B, SP-D (SP-B, SP-D hết hàng) | J33: SP-C: Saleable Qty 10 → 0 | K33: 1. Admin cập nhật Saleable Qty SP-C = 0 2. Khách hàng tải lại trang Giỏ hàng | L33: 2. SP-A, SP-E ở trên; SP-C chuyển xuống nhóm hết hàng phía dưới, bỏ tick, checkbox Disable | M33: Candidate | N33: Not Run | O33: [Cần xác nhận Q-11] SP-C đứng cuối cùng hay theo thứ tự ban đầu (B, C, D) | P33: Needs Clarification (Q-11)
A34: TC-CART-033 | B34: Giỏ hàng | C34: IMP-01;AC02 | D34: Kiểm tra Tóm tắt đơn hàng chỉ tính tiền sản phẩm còn hàng được tick | E34: Functional | F34: Positive | G34: EG | H34: P2 | I34: 1. Theo SETUP-01 (customer01@test.com đã đăng nhập); thay đổi tồn kho theo SETUP-02 2. Cart có SP-A (15.780.000 ₫, qty 2), SP-C (tạm tính 3.318.000 ₫, qty 1) còn hàng và SP-B (36.280.000 ₫, qty 1) hết hàng 3. SP-A và SP-C được tick | J34: SP-A 15.780.000 ₫ × 2; SP-C 3.318.000 ₫ × 1; SP-B 36.280.000 ₫ (OOS) | K34: 1. Truy cập trang "Giỏ hàng" 2. Bỏ tick SP-C | L34: 1. Khung "TÓM TẮT ĐƠN HÀNG" hiển thị "TỔNG (3 SẢN PHẨM)" = 34.878.000 ₫ (2 × 15.780.000 + 3.318.000; không cộng SP-B). Nếu hệ thống đếm theo dòng sẽ hiển thị 2 — chênh lệch này là mục đích của dữ liệu 2. Cập nhật thành "TỔNG (2 SẢN PHẨM)" = 31.560.000 ₫ | M34: Candidate | N34: Not Run | O34: [Giả định AS-05] [Cần xác nhận Q-07] cách đếm N và có tính quà tặng không (DEV-3745) | P34: Needs Clarification (Q-07, AS-05, IMP-01)
A35: TC-CART-034 | B35: Giỏ hàng | C35: IMP-01 | D35: Kiểm tra Tóm tắt đơn hàng khi bỏ tick toàn bộ sản phẩm | E35: Functional | F35: Negative | G35: EG | H35: P2 | I35: 1. Theo SETUP-01 (customer01@test.com đã đăng nhập); thay đổi tồn kho theo SETUP-02 2. Cart có SP-A, SP-C còn hàng đang được tick | J35: SP-A, SP-C | K35: 1. Bỏ tick SP-A 2. Bỏ tick SP-C | L35: 2. "TỔNG (0 SẢN PHẨM)", tổng tiền 0 ₫; nút "Mua hàng" Disable; khung tóm tắt vẫn hiển thị đầy đủ các dòng | M35: Candidate | N35: Not Run | O35: Liên quan DEV-3746, DEV-3770 nhưng KHÔNG tái hiện điều kiện quà tặng / Set của 2 bug (xem CO-44, CO-45) [Cần xác nhận Q-07] hiển thị mong đợi khi không chọn SP nào | P35: Needs Clarification (Q-07, IMP-01)
A36: TC-CART-035 | B36: Giỏ hàng | C36: IMP-02;AC09 | D36: Kiểm tra sản phẩm không được chọn vẫn nằm lại trong Cart sau khi đặt hàng thành công | E36: Integration | F36: Positive | G36: UC | H36: P1 | I36: 1. Theo SETUP-01 (customer01@test.com đã đăng nhập); thay đổi tồn kho theo SETUP-02 2. Cart có SP-A, SP-C (còn hàng), SP-B (Saleable Qty = 0) 3. Chỉ SP-A được tick, SP-C bỏ tick 4. Có phương thức thanh toán COD trên môi trường test | J36: Thanh toán: COD | K36: 1. Nhấn nút "Mua hàng" 2. Hoàn tất đặt hàng ở trang Checkout bằng COD 3. Mở lại trang Giỏ hàng | L36: 2. Đặt hàng thành công, đơn hàng chỉ gồm SP-A 3. Cart còn SP-C (qty 1) và SP-B (hết hàng); không còn SP-A | M36: Candidate | N36: Not Run | O36: Theo DEV-3654 (quote-save / leftover). Cần xác nhận SP-C ở trạng thái tick hay không sau khi đặt hàng | P36: Needs Clarification (IMP-02)
A37: TC-CART-036 | B37: Giỏ hàng | C37: IMP-03;AC05 | D37: Kiểm tra mini-cart vẫn hiển thị sản phẩm khi tất cả sản phẩm trong Cart đều hết hàng | E37: Integration | F37: Edge | G37: EG | H37: P3 | I37: 1. Theo SETUP-01 (customer01@test.com đã đăng nhập); thay đổi tồn kho theo SETUP-02 2. Cart chỉ có SP-B và SP-D, cả hai Saleable Qty = 0 | J37: SP-B, SP-D (Saleable Qty = 0) | K37: 1. Ở Trang chủ, mở mini-cart (icon giỏ hàng trên header) | L37: 1. Mini-cart liệt kê SP-B và SP-D ở trạng thái hết hàng, không hiển thị giỏ trống | M37: Candidate | N37: Not Run | O37: Regression DEV-3768 [Cần xác nhận Q-08] giá trị badge và cách hiển thị SP hết hàng trong mini-cart | P37: Needs Clarification (Q-08, IMP-03)
A38: TC-CART-037 | B38: Giỏ hàng | C38: IMP-04;AC02 | D38: Kiểm tra sản phẩm hết hàng chỉ hiển thị một thông báo sau nhiều lần tải lại trang | E38: UI | F38: Edge | G38: EG | H38: P3 | I38: 1. Theo SETUP-01 (customer01@test.com đã đăng nhập); thay đổi tồn kho theo SETUP-02 2. Cart có SP-A (còn hàng) và SP-B (Saleable Qty = 0) | J38: SP-B (Saleable Qty = 0) | K38: 1. Truy cập trang "Giỏ hàng" 2. Tải lại trang (F5) 3 lần | L38: 2. Sau mỗi lần tải lại, dưới SP-B chỉ có đúng 1 thông báo "Sản phẩm hiện đang hết hàng"; không xuất hiện thêm "Số lượng sản phẩm không có sẵn." | M38: Candidate | N38: Not Run | O38: Regression DEV-3766 [Cần xác nhận Q-01] [Giả định AS-01] câu thông báo hết hàng | P38: Needs Clarification (Q-01, AS-01, IMP-04)
A39: TC-CART-038 | B39: Giỏ hàng | C39: IMP-05 | D39: Kiểm tra double-click nút Mua hàng chỉ chuyển sang Checkout một lần với đúng sản phẩm | E39: Functional | F39: Edge | G39: EG | H39: P3 | I39: 1. Theo SETUP-01 (customer01@test.com đã đăng nhập); thay đổi tồn kho theo SETUP-02 2. Cart có SP-A (qty 1) còn hàng, đang được tick | J39: SP-A qty 1 | K39: 1. Double-click nhanh nút "Mua hàng" | L39: 1. Chuyển tới trang Checkout một lần, không hiển thị lỗi; danh sách có SP-A qty 1 (không bị nhân đôi) | M39: Candidate | N39: Not Run | P39: Needs Clarification (IMP-05)
A40: TC-CART-039 | B40: Giỏ hàng | C40: AC02 | D40: Kiểm tra hiển thị thông báo hết hàng theo mockup bên dưới thông tin sản phẩm | E40: UI | F40: Positive | G40: CL | H40: P4 | I40: 1. Theo SETUP-01 (customer01@test.com đã đăng nhập); thay đổi tồn kho theo SETUP-02 2. Cart có SP-B (Saleable Qty = 0) | J40: SP-B | K40: 1. Truy cập trang "Giỏ hàng" 2. So sánh dòng SP-B với mockup image-20260812-035015.png | L40: 2. Thông báo nằm trong hộp nền đỏ nhạt có icon cảnh báo, ngay dưới dòng size/màu của SP-B, không che nút yêu thích / sửa / xoá | M40: No | N40: Not Run | O40: Đối chiếu thêm ảnh image-20260923-104852.png (chưa xem được) | P40: Ready

Sheet Summary
A1: Tổng hợp — DEV-3648
A3: Status | B3: Số lượng
A4: Blocked | B4: =COUNTIF('Test Cases'!N2:N540,"Blocked")
A5: Fail | B5: =COUNTIF('Test Cases'!N2:N540,"Fail")
A6: Not Run | B6: =COUNTIF('Test Cases'!N2:N540,"Not Run")
A7: Obsolete | B7: =COUNTIF('Test Cases'!N2:N540,"Obsolete")
A8: Pass | B8: =COUNTIF('Test Cases'!N2:N540,"Pass")
A9: Skipped | B9: =COUNTIF('Test Cases'!N2:N540,"Skipped")
A11: Design_Status | B11: Số lượng
A12: Ready | B12: =COUNTIF('Test Cases'!P2:P540,"Ready")
A13: Needs Clarification | B13: =COUNTIF('Test Cases'!P2:P540,"Needs Clarification*")
A14: Obsolete | B14: =COUNTIF('Test Cases'!P2:P540,"Obsolete")
A16: Priority | B16: Số lượng
A17: P1 | B17: =COUNTIF('Test Cases'!H2:H540,"P1")
A18: P2 | B18: =COUNTIF('Test Cases'!H2:H540,"P2")
A19: P3 | B19: =COUNTIF('Test Cases'!H2:H540,"P3")
A20: P4 | B20: =COUNTIF('Test Cases'!H2:H540,"P4")
A22: Scenario | B22: Số lượng
A23: Boundary | B23: =COUNTIF('Test Cases'!F2:F540,"Boundary")
A24: Edge | B24: =COUNTIF('Test Cases'!F2:F540,"Edge")
A25: Negative | B25: =COUNTIF('Test Cases'!F2:F540,"Negative")
A26: Positive | B26: =COUNTIF('Test Cases'!F2:F540,"Positive")
A28: Test_Type | B28: Số lượng
A29: Functional | B29: =COUNTIF('Test Cases'!E2:E540,"Functional")
A30: Integration | B30: =COUNTIF('Test Cases'!E2:E540,"Integration")
A31: Security | B31: =COUNTIF('Test Cases'!E2:E540,"Security")
A32: UI | B32: =COUNTIF('Test Cases'!E2:E540,"UI")
A33: Validation | B33: =COUNTIF('Test Cases'!E2:E540,"Validation")
A35: Module | B35: Số lượng
A36: Giỏ hàng | B36: =COUNTIF('Test Cases'!B2:B540,"Giỏ hàng")
A38: Tổng | B38: =COUNTA('Test Cases'!A2:A540)

Sheet RTM
A1: Req_ID | B1: Mô tả | C1: Số TC | D1: Test cases | E1: Trạng thái
A2: AC01 | B2: SP còn hàng tick/un-tick được; SP được tick vào Checkout; khách tiếp tục Checkout với SP đã chọn | C2: 4 | D2: TC-CART-001, TC-CART-002, TC-CART-003, TC-CART-011 | E2: Covered
A3: AC02 | B3: SP OOS tự bỏ tick, checkbox Disable, không vào Checkout, giữ trong Cart, hiện "Sản phẩm hiện đang hết hàng" bên dưới | C3: 7 | D3: TC-CART-004, TC-CART-005, TC-CART-006, TC-CART-007, TC-CART-033, TC-CART-037, TC-CART-039 | E3: Covered
A4: AC03 | B4: Cart A (còn) – B (OOS) – C (còn): chỉ A/C được chọn và sang Checkout, không cần xoá B | C4: 4 | D4: TC-CART-005, TC-CART-008, TC-CART-009, TC-CART-030 | E4: Covered
A5: AC04 | B5: Nút "Mua hàng" Enable khi ≥1 SP còn hàng được tick, ngược lại Disable | C5: 5 | D5: TC-CART-005, TC-CART-010, TC-CART-011, TC-CART-012, TC-CART-013 | E5: Covered
A6: AC05 | B6: Tất cả SP OOS: uncheck + Disable, giữ trong Cart, thông báo dưới từng SP, nút "Mua hàng" Disable, không thể Checkout | C6: 4 | D6: TC-CART-013, TC-CART-014, TC-CART-015, TC-CART-036 | E6: Covered
A7: AC06 | B7: Tồn kho giảm thấp hơn qty đang chọn: tự đưa qty về Saleable Qty, giữ tick, hiện "Sản phẩm này chỉ còn số lượng là 1", cho checkout tiếp | C7: 3 | D7: TC-CART-016, TC-CART-017, TC-CART-018 | E7: Covered
A8: AC07 | B8: Khách đổi qty: ≤ Saleable Qty giữ nguyên; > Saleable Qty tự về Saleable Qty + thông báo, giữ tick | C8: 4 | D8: TC-CART-019, TC-CART-020, TC-CART-021, TC-CART-022 | E8: Covered
A9: AC08 | B9: Bấm "Mua hàng" kiểm tra lại tồn kho; có SP không đủ → reload Cart + "Sản phẩm vừa được cập nhật lại." | C9: 5 | D9: TC-CART-023, TC-CART-024, TC-CART-025, TC-CART-026, TC-CART-027 | E9: Covered
A10: AC09 | B10: SP OOS không bị tự xoá; có hàng trở lại thì checkbox Enable lại | C10: 5 | D10: TC-CART-006, TC-CART-028, TC-CART-029, TC-CART-030, TC-CART-035 | E10: Covered
A11: AC10 | B11: SP OOS bị đẩy xuống cuối Cart, giữ thứ tự tương đối của cả 2 nhóm | C11: 3 | D11: TC-CART-008, TC-CART-031, TC-CART-032 | E11: Covered
A12: BR-01 | B12: Tồn tại ≥1 SP đồng thời *Còn hàng* + *Được tick | C12: 5 | D12: TC-CART-003, TC-CART-010, TC-CART-011, TC-CART-012, TC-CART-013 | E12: Covered
A13: BR-02 | B13: Saleable Qty = 0 | C13: 3 | D13: TC-CART-004, TC-CART-007, TC-CART-024 | E13: Covered
... A19: IMP-05 | B19: Bấm "Mua hàng" 2 lần liên tiếp không gây lỗi / không nhân đôi sản phẩm | C19: 1 | D19: TC-CART-038 | E19: Covered (IMP chưa xác nhận)

Sheet Conditions
A1: Cond_ID | B1: Req_ID | C1: Điều kiện kiểm thử | D1: Kỹ thuật | E1: Test cases | F1: Trạng thái
A2: CO-01 | B2: AC01 | C2: Tick ↔ untick SP còn hàng | D2: ST | E2: TC-CART-001 | F2: Covered
A3: CO-02 | B3: AC01 | C3: Chỉ SP được tick sang Checkout (Cart toàn SP còn hàng) | D3: UC | E3: TC-CART-002 | F3: Covered
A4: CO-03 | B4: AC01; BR-01 | C4: Checkout với toàn bộ SP còn hàng được tick | D4: UC | E4: TC-CART-003 | F4: Covered
A5: CO-04 | B5: AC02; BR-02 | C5: SP OOS khi vào Cart: bỏ tick, Disable, thông báo, vẫn giữ | D5: ST | E5: TC-CART-004 | F5: Covered
A6: CO-05 | B6: AC02; AC03; AC04 | C6: Chuyển đổi không hợp lệ OOS → Tick bị chặn (DT1-R4) | D6: ST | E6: TC-CART-005 | F6: Covered
A7: CO-06 | B7: AC02; AC09 | C7: SP OOS không vào Checkout | D7: UC | E7: TC-CART-006 | F7: Covered
A8: CO-07 | B8: AC02; BR-02 | C8: Còn hàng – Tick → OOS sau khi tải lại | D8: ST | E8: TC-CART-007 | F8: Covered
A9: CO-08 | B9: AC03; AC10 | C9: Kịch bản A–B–C: trạng thái từng SP và thứ tự | D9: UC | E9: TC-CART-008 | F9: Covered
A10: CO-09 | B10: AC03 | C10: Checkout không cần xoá SP OOS | D10: UC | E10: TC-CART-009 | F10: Covered
A11: CO-10 | B11: AC04; BR-01 | C11: DT1-R1: ≥1 SP còn hàng được tick → Enable | D11: DT | E11: TC-CART-010 | F11: Covered
A12: CO-11 | B12: AC04; AC01; BR-01 | C12: DT1-R2: không SP còn hàng nào được tick → Disable | D12: DT | E12: TC-CART-011 | F12: Covered
... A23: CO-22 | B23: AC07; BR-03 | C23: qty rất lớn (đại diện invalid xa: 999) | D23: EP | E23: TC-CART-022 | F23: Covered
A24: CO-23 | B24: AC07 | C24: qty < 1, số âm, chữ | D24: EP | F24: Pending
A25: CO-24 | B25: AC08 | C25: DT2-R1: đủ tồn kho → sang Checkout | D25: DT | E25: TC-CART-023 | F25: Covered
A26: CO-25 | B26: AC08; BR-02 | C26: DT2-R2: SP được tick hết hàng lúc bấm Mua hàng | D26: DT | E26: TC-CART-024 | F26: Covered
A27: CO-26 | B27: AC08; BR-03 | C27: DT2-R3: tồn kho < qty lúc bấm Mua hàng | D27: DT | E27: TC-CART-025 | F27: Covered
A28: CO-27 | B28: AC08 | C28: SP hợp lệ khác giữ nguyên lựa chọn sau revalidate | D28: DT | E28: TC-CART-026 | F28: Covered
A29: CO-28 | B29: AC08 | C29: Bấm Mua hàng lần 2 sau khi Cart cập nhật | D29: UC | E29: TC-CART-027 | F29: Covered
A30: CO-29 | B30: AC09 | C30: SP OOS còn trong Cart qua reload, điều hướng, đăng nhập lại | D30: ST | E30: TC-CART-028 | F30: Covered
A31: CO-30 | B31: AC09 | C31: OOS → Còn hàng: checkbox Enable lại | D31: ST | E31: TC-CART-029 | F31: Covered
A32: CO-31 | B32: AC09; AC03 | C32: Khách tự xoá SP OOS | D32: CRUD | E32: TC-CART-030 | F32: Covered
A33: CO-32 | B33: AC10 | C33: Thứ tự hiển thị 2 nhóm khi vào Cart | D33: ST | E33: TC-CART-031 | F33: Covered
A34: CO-33 | B34: AC10 | C34: Còn hàng → OOS chuyển xuống nhóm cuối | D34: ST | E34: TC-CART-032 | F34: Covered
A35: CO-34 | B35: IMP-01; AC02 | C35: Tóm tắt chỉ tính SP còn hàng được tick | D35: EG | E35: TC-CART-033 | F35: Covered
A36: CO-35 | B36: IMP-01 | C36: Tóm tắt khi bỏ tick toàn bộ | D36: EG | E36: TC-CART-034 | F36: Covered
... A41: CO-40 | B41: AC02 | C41: Vị trí/hiển thị thông báo OOS theo mockup | D41: CL | E41: TC-CART-039 | F41: Covered
A42: CO-41 | B42: AC01; AC05 | C42: Checkbox "Tất cả sản phẩm" khi có SP OOS / tất cả OOS | D42: DT | F42: Pending
A43: CO-42 | B43: AC01 | C43: Khách vãng lai (guest) dùng selective checkout | D43: UC | F43: Pending
A44: CO-43 | B44: AC08 | C44: Banner revalidate khi website chạy tiếng Anh | D44: EG | F44: Pending
A45: CO-44 | B45: AC09 | C45: Gift-popup / Amasty khi Cart có SP OOS | D45: UC | F45: Pending
A46: CO-45 | B46: AC01; AC03 | C46: Bundle / Set có component hết hàng | D46: DT | F46: Pending
A47: CO-46 | B47: IMP-03 | C47: Badge mini-cart đếm những SP nào | D47: EG | F47: Pending
